registrska_tablica,starost,model,barva,cena_najema
WBAVL1C51EV886590,1995,Chevrolet,Pink,33.73
KM8JT3ABXDU801882,2006,Dodge,Puce,19.04
WAURVAFA3AN099980,1987,Mercury,Indigo,27.25
WAULC68E42A424914,1998,Nissan,Yellow,21.7
2T1BU4EE7BC067714,1993,Plymouth,Orange,20.63
WDDPK4HAXCF190636,1993,Ford,Maroon,36.95
1FTSF3B56AE274175,2009,Mercedes-Benz,Turquoise,36.02
3D73Y3HL9BG815775,2007,Lincoln,Pink,38.62
1FTEW1CF9FF508660,2003,Infiniti,Purple,34.44
WBAEW53402P908486,2011,Volkswagen,Blue,25.65
WAUTFAFH7BN597469,2009,Chevrolet,Green,30.65
WBAWL7C51AP714761,2001,Pontiac,Orange,42.5
SALFR2BG9EH446252,1992,Chevrolet,Blue,26.98
1G6DK67V980742475,2007,Mazda,Yellow,41.85
JTHBC1KS0B5507716,1990,Pontiac,Indigo,38.15
WBANV13568C273357,2009,Buick,Goldenrod,29.9
2C4RDGEG6CR200708,1994,Mitsubishi,Fuscia,22.88
W04GS5EC0B1810907,2003,Mazda,Khaki,17.59
JM1NC2JF9C0931435,1992,Volvo,Yellow,23.64
JN8AZ2KR8BT641579,2003,Chrysler,Puce,25.52
WAUJC58EX2A974863,1993,Mercury,Mauv,32.05
1GYFK46828R694118,2009,Ford,Maroon,43.02
3D73Y3HL3BG090884,2004,Cadillac,Blue,41.65
KNAFU6A26A5317185,2009,Chrysler,Indigo,34.75
KL4CJCSB7EB951411,2012,Land Rover,Green,43.12
19UUA56771A171714,2000,Ford,Teal,16.8
4T1BD1FKXCU900246,2006,Dodge,Purple,36.47
1FMJU1K59AE373431,1995,Cadillac,Pink,38.77
WAUDK78T28A960748,2005,Chrysler,Goldenrod,32.17
WDDHF5GB8AA129336,2001,Oldsmobile,Aquamarine,28.14
WA1DGAFE9CD925745,1973,Pontiac,Purple,20.97
3D73Y4HL3AG031144,1976,Chevrolet,Blue,16.18
WBAEV534X4K033601,2007,Dodge,Puce,32.42
3VWC17AU8FM362990,1988,Audi,Teal,36.87
JH4CU2E6XBC787419,1994,Hyundai,Red,28.14
5LMJJ2H52AE605082,1999,Chevrolet,Aquamarine,18.6
WBADS43452G295752,1984,Mitsubishi,Yellow,35.39
1GYS4EEJXBR100336,2013,Lincoln,Indigo,37.23
YV4902DZ1E2747448,1996,Mazda,Pink,15.88
WBA3B1G50EN302751,1985,Mercury,Turquoise,38.73
1G4GL5E34CF042707,2005,Saab,Green,15.84
WBA3B5G50FN287905,2001,Mercedes-Benz,Orange,34.52
4T1BD1FK4EU898321,1986,Mitsubishi,Turquoise,37.21
3GYFNEE37CS956899,2002,Nissan,Teal,42.45
JH4DB85901S753243,1992,BMW,Green,21.16
3D73M3CL1BG228151,2004,Ford,Purple,41.93
JTDKN3DU6F0581392,2009,BMW,Turquoise,30.57
JTHFF2C20E2167096,2009,Kia,Mauv,34.52
KNAFK4A66E5525456,2006,Spyker,Mauv,19.29
WAUAF78EX7A163252,2007,Acura,Fuscia,30.46
W04GR5EC4B1057331,2011,MINI,Violet,25.46
JTDKDTB32C1821444,2001,Mercury,Crimson,15.82
1FTSX2B56AE386725,2005,Ford,Purple,27.43
WAUGL98E15A591562,1992,Volvo,Khaki,28.22
WBAUP73598V570751,2008,BMW,Puce,36.76
5TFBY5F19AX165584,1995,Dodge,Red,21.15
SCBBR9ZA4CC779634,1995,Lincoln,Teal,34.17
JN1CV6EK2DM571695,1996,Toyota,Orange,43.68
1GD22ZCG6DZ983845,1998,Chrysler,Puce,28.02
1N4AL3AP1EC529008,2011,BMW,Red,32.32
JTDKN3DP8D3407345,1997,Infiniti,Violet,36.86
5GADV33L06D791725,2012,Mazda,Red,39.32
1G6DH8E51D0602945,2012,Bentley,Turquoise,17.94
WA1CMAFE0ED995996,1993,Dodge,Pink,40.89
2HNYD2H21AH413013,2009,Ford,Mauv,25.85
1FTSW3B52AE536709,1987,Mercury,Mauv,29.12
3N1AB6AP9AL022325,1997,BMW,Violet,30.53
1C4RDHEG0FC308986,1992,Ford,Khaki,15.61
5FNYF3H28FB814688,2003,Toyota,Blue,24.79
WBAYM1C56DD659233,2004,Cadillac,Crimson,33.29
JH4DC54803S912995,2011,Chevrolet,Yellow,28.94
1FAHP3FN6AW316512,2000,GMC,Pink,36.6
2C3CDYCJXCH964632,1995,Chrysler,Yellow,34.37
5N1AA0NC9DN148348,2002,Kia,Violet,30.64
1FTWX3D59AE774407,2001,Isuzu,Pink,40.69
WVWED7AJ7BW071173,1992,Mercedes-Benz,Indigo,28.26
VNKKTUD36FA331560,1999,Ford,Violet,44.42
5N1AZ2MH8FN849175,2004,Mitsubishi,Khaki,26.06
WBAEK13567C884996,2007,GMC,Crimson,40.51
2T1BURHE0EC912335,1995,Nissan,Orange,29.05
1FAHP2D81DG925853,2013,Volkswagen,Mauv,33.69
WBAFB33541L424839,2003,Acura,Orange,36.64
3GYFNBE3XFS503279,1989,Mitsubishi,Teal,37.12
WAULV44E77N999366,2005,Chevrolet,Yellow,28.44
1G6DJ8E3XD0876731,2005,Dodge,Orange,39.23
2B3CA7CW0AH150787,2008,Mitsubishi,Orange,21.99
YV4960DL0A2286350,1990,Audi,Red,32.79
1G6AS5SXXE0329966,2002,Mercedes-Benz,Goldenrod,37.31
JM1GJ1T67E1065575,2007,Honda,Purple,28.91
2C3CDXBG5FH806638,2013,Hyundai,Pink,35.74
3N1AB6AP8CL932468,1998,Acura,Turquoise,17.34
JN1AZ4FH0FM237767,2001,Saturn,Indigo,40.82
19XFB4F24DE605401,2009,Ferrari,Maroon,25.17
1N6AA0CA6CN939342,1987,Buick,Khaki,20.38
3C4PDDGGXET172205,1997,Honda,Crimson,38.54
WDDGF4HBXCF289776,2007,BMW,Puce,42.61
WAUVT68E15A730790,2007,Isuzu,Blue,32.08
WBA3C3C53EK031829,1997,Chevrolet,Violet,18.43
JH4CU2E82EC675655,1968,Mercury,Fuscia,16.12
WDDJK7DA6DF466194,2006,Isuzu,Pink,36.37
2G4WB52K821625779,1967,Ford,Orange,20.48
WUADUAFG4EN069304,2009,Maybach,Mauv,17.12
KMHHT6KD1DU354813,1999,Infiniti,Red,34.96
WAUHGBFC3CN800355,1996,Chevrolet,Red,28.01
2G4WB55K821745867,2006,Suzuki,Mauv,32.27
WBAFB33481L444874,2004,Cadillac,Khaki,26.78
WBAUC9C55CV987722,1984,Mazda,Goldenrod,40.42
JH4NA21693T916114,2008,Mitsubishi,Purple,19.19
SCFAB42381K906725,1998,Oldsmobile,Yellow,39.65
1N4AL3AP9EC685569,2009,Ferrari,Purple,23.8
1FTEX1C82AK965468,2011,Ford,Turquoise,44.35
3VW8S7AT9FM478368,2009,Volvo,Mauv,34.46
1FMEU7FE7AU980450,2004,Chevrolet,Mauv,15.7
WBA3T7C57FP470897,2006,Mercedes-Benz,Purple,22.55
1GKS1EEF7DR573497,1995,Cadillac,Purple,21.88
JH4DC53866S850721,1993,Chevrolet,Puce,23.19
1G6AP5SX1E0107530,1989,Buick,Fuscia,37.34
SCFBB03B57G455350,2001,Lexus,Purple,35.71
1GD021EGXFZ169237,1992,Mercedes-Benz,Violet,35.56
JN1BV7AP3FM577706,2003,BMW,Puce,28.13
JM1BL1L3XD1759623,2006,Saturn,Goldenrod,31.03
WBASN0C55DD660287,2002,Chrysler,Yellow,28.23
WBSWL935X8P421877,2001,Ford,Khaki,26.63
JN1AZ4EH3DM727747,1999,Toyota,Green,41.18
4T1BF1FK4EU155037,2005,GMC,Goldenrod,32.58
1G6KD57Y28U867090,2006,Mitsubishi,Green,29.14
WAUDH98E16A009143,2009,Ferrari,Indigo,25.31
WAUEF78E36A542190,1993,Honda,Fuscia,37.31
WAUHGAFC4CN621929,2000,Lincoln,Maroon,19.91
WDDPK4HA6FF368109,2009,Rolls-Royce,Mauv,32.0
WAUGFBFC9DN579764,2004,Maybach,Pink,43.66
1GTN1UEH9EZ512853,2006,Honda,Maroon,22.44
WBAAZ33403K743824,1996,Hyundai,Turquoise,39.71
WBAEA53559C674788,1997,Subaru,Yellow,39.49
WBAKA83539C710899,2005,Saab,Puce,32.65
JA32X2HU4BU711525,2005,Toyota,Blue,37.64
WDCYC7DF6FX972584,1993,Chevrolet,Red,15.52
5GAKRBED2CJ762767,1997,Oldsmobile,Green,28.93
SCBLC47J47C820538,1991,Lincoln,Teal,26.79
5J8TB4H35FL023392,1993,Saturn,Maroon,29.57
TRUWT28N321007394,1998,Buick,Khaki,42.21
5TFCY5F17BX852360,2001,Toyota,Khaki,36.14
3N1CN7AP7EL715129,1998,Jeep,Maroon,24.73
2C4RDGEGXDR580962,1989,Ford,Pink,25.04
WBAEU33422P523215,2001,Chevrolet,Goldenrod,35.79
JN1BJ0HP1EM156297,1998,Chevrolet,Turquoise,18.36
WA1AM94L99D981317,2010,Saturn,Khaki,34.1
WVGAV3AX0DW462849,2010,Aston Martin,Goldenrod,26.32
JN8AF5MR9CT760427,2007,Saturn,Crimson,24.63
WBSVA93518E875965,1973,Pontiac,Red,40.89
WA1EY74L77D563250,2000,GMC,Teal,15.61
3D73M3CL4AG339274,2002,Ford,Goldenrod,40.44
1GD021EG2FZ352633,1988,Ford,Green,16.43
1FTEW1CW0AF083564,1998,GMC,Mauv,38.76
1GYS3PKJ1FR240493,1996,Ford,Purple,26.82
WAUDH48H49K510376,2007,Lincoln,Indigo,33.13
WAUUFAFH9AN644732,1998,Mercedes-Benz,Mauv,34.27
1FTNF1E8XAK337397,2009,Nissan,Turquoise,30.47
2C3CDXFG9DH789172,1966,Pontiac,Teal,33.06
WAUHE78P59A647822,2009,Volkswagen,Violet,30.87
WAUBF98E58A878599,2001,Isuzu,Goldenrod,30.16
5N1BA0NC9FN700535,1995,Jeep,Goldenrod,42.47
JN8AF5MVXFT411164,1992,Ford,Mauv,33.28
WBA3D5C52EK299313,1995,Cadillac,Pink,41.68
SCBEC9ZA4FC719467,1988,Ford,Mauv,19.71
1G4PT5SV8E4492011,1997,Dodge,Teal,39.71
SCBLF34F23C881642,1994,GMC,Mauv,40.74
1N4AB7APXEN190926,1993,Mazda,Orange,42.88
3C4PDCGB7ET172175,1963,Studebaker,Green,26.76
3D7TP2CT9BG342416,1996,Nissan,Aquamarine,34.11
1G4PR5SK5C4829977,1991,Mazda,Aquamarine,38.31
5GAEV23D49J962473,2002,Subaru,Fuscia,18.57
W04GN5EC6B1780643,1991,Mercedes-Benz,Turquoise,35.91
1FMJU2A54AE920855,2006,Peugeot,Blue,15.82
1C6RD7JT4CS032544,1992,Lincoln,Indigo,32.67
1ZVBP8AM4B5399101,2008,Mercedes-Benz,Green,32.85
WAUAF78E45A752469,1999,BMW,Blue,16.74
1N6AF0LY1FN251400,1993,Mitsubishi,Maroon,16.13
2T1BU4EEXDC417212,2007,Mazda,Red,20.83
WAUGGAFC1CN647478,1993,Lincoln,Mauv,40.17
WAUCKAFR2AA095415,2004,Cadillac,Violet,21.59
3D7JV1EP9AG889935,2010,Toyota,Pink,24.47
1C4SDJET2CC768670,1996,Toyota,Red,25.0
KNAGM4AD6C5600103,2011,Toyota,Green,20.14
5NPEB4AC1CH096289,1994,Chrysler,Orange,16.34
1C4AJWAG4FL370178,2004,BMW,Yellow,34.39
1FTWW3DYXAE528785,1989,Honda,Goldenrod,38.6
1FMCU0D74AK404345,2009,GMC,Fuscia,19.15
1FMJK1H5XEE171457,1985,Volkswagen,Khaki,39.29
YV126MFD1F1872094,1993,Nissan,Indigo,15.89
5XYKT3A64EG512768,1996,Toyota,Crimson,33.87
SALAC2D4XCA912243,1988,Mazda,Orange,32.51
1C4SDJET0CC530817,1999,Hyundai,Teal,36.7
1GTN1TEH0EZ296210,2011,Kia,Yellow,19.15
WVGEF9BPXFD256680,2008,Volvo,Khaki,37.52
WAUKF78E86A255799,2009,Dodge,Crimson,38.97
WAUVC58E72A320971,1993,Isuzu,Teal,27.0
SCBDC47L78C231815,1993,Nissan,Violet,25.12
WDDPK4HA8CF734065,1998,Lincoln,Puce,25.94
WUAGNAFG3CN574029,1999,Mitsubishi,Violet,24.53
1FTNF2A58AE215105,2009,Chevrolet,Indigo,26.77
2C3CCASG8DH454040,1997,Toyota,Puce,22.72
WAUWFBFL1CA850706,2012,Chevrolet,Crimson,36.83
5TFCM5F14AX244077,1993,Mercedes-Benz,Pink,36.75
JH4KB16688C068995,2005,Porsche,Yellow,43.01
5YMGZ0C58E0398486,1996,Chevrolet,Orange,35.37
1GYS4BEF4BR204721,2006,Suzuki,Blue,32.5
WAUAFAFL3AA473605,1993,Eagle,Turquoise,26.46
WBAPN73529A076887,2011,MINI,Yellow,27.08
WAUHFBFL2BN429478,2010,Audi,Aquamarine,43.4
1FM5K7B81FG865726,2005,Mercedes-Benz,Pink,29.65
3GYFNBEY9BS737239,1999,Honda,Green,18.31
WAUVC68EX5A513982,1997,Chevrolet,Turquoise,26.19
KNALW4D4XF6865433,2008,Volvo,Indigo,21.22
3C63D3DL8CG821880,2008,Mercedes-Benz,Teal,29.39
WAUMFAFL2DA761939,2002,Daewoo,Maroon,29.11
YV4902BZ1B1505263,2007,Audi,Fuscia,18.23
19UUA8F53EA640514,2007,Ford,Crimson,42.34
WBADT53443C868295,2013,Subaru,Teal,23.09
WAUJFAFH9BN662992,2010,Suzuki,Goldenrod,44.54
2HNYD18773H023378,1993,Mercedes-Benz,Fuscia,30.15
SALVP2BG5FH925660,2002,Saab,Maroon,27.39
WAULT58E65A690305,1995,Oldsmobile,Yellow,38.68
WVGAV7AX5BW708251,2004,Ford,Orange,15.04
19UYA42502A543380,2005,Mazda,Goldenrod,31.14
WAUCFAFH4DN199266,1990,Mercury,Indigo,38.73
WBA3B5C57DF478153,1993,Mazda,Khaki,43.02
WDDHF0EB7FB911487,2012,Toyota,Goldenrod,24.32
1HGCP2F38BA143055,1991,Porsche,Teal,44.0
WBABW53475P015710,1995,Lexus,Pink,27.64
5N1AA0NC2EN153943,2006,Subaru,Green,41.86
YV140MAM3F1333414,2010,Bentley,Mauv,39.22
1C3BC4FB0BN073489,1996,Chevrolet,Aquamarine,21.18
WAUVT58E02A163476,2005,Maybach,Purple,31.74
5UXFE4C52AL419346,2006,Mercedes-Benz,Aquamarine,18.5
WAULT68E43A198746,1992,Dodge,Red,22.91
JH4NA12634T530556,1998,Subaru,Indigo,28.89
WBAFZ9C56DC102545,1996,Ford,Khaki,38.14
WAUEF78E48A427665,2002,Pontiac,Green,43.66
JTDKN3DU7B0860151,2012,Honda,Pink,28.65
SCBBR53W968677864,2005,Cadillac,Puce,42.84
3MZBM1K78EM816615,1994,Alfa Romeo,Turquoise,18.72
1G4HP52K65U137322,1994,Suzuki,Orange,37.1
1FT7W2A66EE668193,2004,Oldsmobile,Maroon,35.12
5FRYD4H61GB417547,2008,Volvo,Turquoise,17.27
1ZVBP8AM6D5409498,2008,Audi,Puce,22.32
JM1DE1KY0D0624009,2010,Porsche,Mauv,21.7
1N6AA0CC5EN628327,2006,Dodge,Teal,35.35
YV4940BZ0D1759042,1999,Toyota,Blue,15.67
WAUDT94FX5N708744,2000,Hyundai,Mauv,23.93
WAUAFAFL6DN377920,2006,Mercedes-Benz,Orange,38.78
1FTEX1EW5AK595368,2006,Isuzu,Pink,40.68
SCBCP7ZA6AC380946,2011,Chevrolet,Red,36.58
5J6TF2H57DL502297,2003,Oldsmobile,Crimson,39.11
1G6DJ5E38C0055513,1999,Lotus,Khaki,29.73
WBAGH83481D345045,2002,Acura,Khaki,27.45
WAUXD68D92A508877,2002,Audi,Red,38.37
WAUDV94F88N588912,2001,GMC,Crimson,28.83
1GYS3AEF1DR495162,1994,Nissan,Puce,37.2
JN1AZ4EH4BM110628,1997,Ford,Puce,37.67
2HNYB1H42CH730349,1992,Chevrolet,Violet,18.86
1FMEU8DE7AU520228,1996,Ford,Mauv,34.67
WBSKG9C5XBE920734,1994,Toyota,Red,15.2
1G6DM1E35C0778199,2013,Subaru,Indigo,38.06
JTHKD5BH1B2591569,2009,Infiniti,Maroon,38.83
JTDKDTB30F1180217,2001,Dodge,Green,33.85
1GD02ZCG3CF792391,2001,Audi,Turquoise,32.47
ZHWGU5BZ6CL395761,1998,Toyota,Puce,23.66
WAUHFAFL7DN838007,2011,Nissan,Puce,43.83
1G6DM577X90789666,1992,Land Rover,Fuscia,21.18
1C3CDZAB6EN743105,2001,BMW,Aquamarine,27.26
5N1AR1NB7CC872930,2007,Ford,Maroon,44.56
2B3CK4CV5AH016117,1996,Lexus,Indigo,43.5
1G6AR5SX1F0988838,1985,Mitsubishi,Pink,18.62
WAUDL74F16N426921,1998,Ford,Teal,35.91
1GYUKDEF5AR081813,1984,Dodge,Khaki,44.25
WBA1F5C59FV455641,2005,Toyota,Mauv,26.47
1G4CU541534921687,1995,Honda,Yellow,31.57
WVGAV7AX9CW226187,1994,Chrysler,Teal,26.9
1FBNE3BL9ED600193,1989,Lexus,Violet,33.54
2G61M5S30F9221385,1996,Saturn,Yellow,18.21
WBA3F9C57FK114059,2006,Suzuki,Pink,39.32
5NPDH4AEXCH080877,2007,GMC,Teal,36.43
WBA1F5C50FV844782,1992,Dodge,Puce,39.35
WBAPK7C56BF462956,1996,Mitsubishi,Green,22.69
3VW507AT4FM488654,1999,Subaru,Crimson,20.19
3VWKX7AJ7AM931594,1994,Chevrolet,Violet,27.28
JN8AS1MU1CM316882,1995,Porsche,Mauv,21.06
WBAEJ13433A733324,2006,Audi,Yellow,24.07
1G6DN57P490805695,1992,Buick,Mauv,29.1
3N1BC1AP5BL186791,2006,Volkswagen,Teal,39.86
WAUAF98E35A426979,1994,Suzuki,Crimson,22.79
JN8AF5MR3ET818390,2009,Audi,Maroon,40.69
WUADNAFG0AN019488,1994,Volvo,Turquoise,20.37
WAUJC68E04A437475,2001,Audi,Mauv,36.85
KNDJT2A24D7090547,1994,Eagle,Puce,39.96
5NPEB4AC8CH334171,2004,Acura,Indigo,34.85
1FTFW1E87AK968175,2000,Ford,Violet,30.95
WAUUFAFH4AN781867,2008,Ford,Crimson,28.07
WBAKB4C5XCC098133,1992,Ford,Orange,39.62
3VWF17AT3FM125893,1999,Dodge,Maroon,34.8
WAUEFAFLXCN570166,2009,Cadillac,Orange,17.7
KNADH4A3XA6218145,1999,Mercedes-Benz,Red,21.87
2G4WD532751570769,1968,Dodge,Mauv,21.75
WA1LGAFE1BD386077,2003,Lotus,Purple,31.52
5NPDH4AEXEH658060,1987,Audi,Teal,16.36
WDDHF8JBXDA036459,2009,Lotus,Mauv,19.42
5UXZV4C57BL362477,1984,Ford,Green,17.31
WVWGD7AJXEW235593,1997,Dodge,Violet,33.57
1GYS3FEJ7BR302091,1999,Suzuki,Maroon,43.45
1D4PT4GK7AW393288,1995,BMW,Crimson,21.45
WAUEF78E08A628320,2008,Chevrolet,Crimson,34.37
1FMEU2DE6AU227966,2004,Buick,Indigo,23.79
WAUHFAFL5DA293318,1996,Isuzu,Purple,18.84
3C6TD5JT0CG517622,2010,Toyota,Yellow,21.42
5TDDK3DC2FS533751,1988,Mercury,Khaki,40.45
WVWAN7AN3DE073736,1995,Isuzu,Violet,36.95
KNAGM4AD5E5110514,2009,Chevrolet,Puce,25.93
5J6TF1H33BL916635,1987,Mazda,Goldenrod,31.26
JN8AZ2KR0BT719403,1989,Mazda,Blue,32.05
WBAPM77589N448285,1990,Lincoln,Pink,34.98
WBA5B1C50FD755158,2008,GMC,Blue,16.65
WAUHF78P06A129383,1991,Maserati,Fuscia,29.13
4A4AP3AU9EE434536,2000,Chevrolet,Khaki,23.05
WBAWB33539P290720,1992,Pontiac,Orange,25.93
WAUKG68E25A731714,1997,Jaguar,Teal,26.52
KNDJT2A25D7934949,2009,Maybach,Yellow,15.33
WA1WMBFE4CD743264,1998,Chevrolet,Yellow,35.02
WAUHF98P88A572864,1983,Renault,Puce,19.01
KMHTC6AD5DU781813,2005,Nissan,Fuscia,27.24
1G6DU6ED1B0580028,2005,Jaguar,Maroon,27.22
3VW4A7AT6DM869654,1997,Dodge,Yellow,27.8
WBA5M4C56ED368074,1997,Mitsubishi,Red,36.15
WAUVFAFR5CA338473,2007,Pontiac,Pink,20.56
1G6DL8EG7A0641647,2001,Chevrolet,Khaki,15.78
WVWAB7AJ4CW930323,2007,Infiniti,Khaki,18.5
JTDBT4K33B1557660,2001,Hyundai,Mauv,44.46
5FRYD4H41GB662993,1998,GMC,Red,39.64
1FTEX1C87AF214343,1994,Saab,Violet,30.83
WAUZL54B81N486470,2010,GMC,Mauv,25.33
2FMDK4GC6AB899247,2003,Ford,Violet,27.07
1C4RDJAG6CC946846,2012,Ford,Green,38.06
VNKKTUD3XFA146024,2010,Mazda,Green,27.58
2HNYD18225H823920,2008,Honda,Pink,31.95
1N4AB7AP3EN833522,2000,Chrysler,Red,24.44
3D73M3HL5BG910961,2009,Lexus,Pink,23.16
1FTWX3D52AE573352,1997,Buick,Maroon,24.16
YV4902BZXB1117657,2005,Dodge,Maroon,34.65
WAUEF98E16A671721,2005,Nissan,Maroon,25.13
4USBT53414L914025,1991,Volkswagen,Mauv,29.9
2C4RDGBG3ER441469,2009,Lincoln,Indigo,27.55
3LN6L2LU6ER936557,1995,Jeep,Red,40.79
3N1AB7AP4FL171318,2010,Ferrari,Indigo,33.53
SALSF2D47AA750774,2012,Nissan,Violet,37.38
3D4PG6FV8AT933684,1975,Chevrolet,Green,33.25
JTDKDTB37D1883469,2000,Volkswagen,Yellow,19.6
WBAFU9C57CC796837,1988,Ford,Puce,32.89
WAUAH74F58N172864,1993,Plymouth,Khaki,15.05
WAUSF98K79N268235,1993,Ford,Aquamarine,39.78
1FTEX1E89AF453230,2011,Ford,Khaki,33.34
WBAKG7C52CE833081,2012,Mitsubishi,Blue,35.02
1D7RW2BK8AS350472,1992,Mitsubishi,Purple,32.74
4USDU53407L610971,1985,Lotus,Khaki,29.64
JN8AF5MR0BT081421,1993,Mazda,Crimson,31.03
1G6DC1E34D0716524,1995,Chevrolet,Indigo,29.48
1FTEX1CM1DK421299,2012,Chrysler,Indigo,43.72
WAULC68E45A736185,1990,Audi,Maroon,22.52
5FRYD4H66EB951012,2005,Chevrolet,Purple,41.99
JTJHY7AX1F4743684,1989,Volkswagen,Crimson,35.65
JTHBE5C20A2556527,2011,Lincoln,Puce,21.04
5UXWX5C54BL367512,1997,Acura,Maroon,41.56
WBANF33596C179849,1990,Ford,Aquamarine,33.01
WBSKG9C55DE912933,2010,Ford,Violet,15.82
WAUEH64B01N050251,2004,Toyota,Turquoise,21.86
1G6DX67D880721559,2002,Honda,Turquoise,34.69
2G4WF521X31617342,1994,GMC,Turquoise,25.05
1N6AF0KX8FN290381,2001,Ford,Red,23.68
1FMCU0C78AK307022,2005,Volkswagen,Goldenrod,27.3
JN1AZ4EH5FM799696,1986,Porsche,Aquamarine,29.09
1G6AH5R36D0938794,1993,Suzuki,Fuscia,39.42
3VWF17AT1FM482151,2009,GMC,Mauv,29.95
WAUSF98E87A857700,2010,Mazda,Violet,28.84
WAULC68E54A615650,2005,Toyota,Crimson,43.78
WAUMK98K69A016407,1993,Chevrolet,Khaki,37.7
1C6RD7LP6CS787730,2001,Pontiac,Yellow,30.96
WBA6A0C56DD025804,2006,Dodge,Crimson,19.17
1FTSW3B55AE399331,2012,Nissan,Crimson,31.12
SCBFH7ZA5FC887015,2008,Hummer,Turquoise,17.97
WBAKP9C51FD005853,1969,Pontiac,Orange,20.2
WBAEV33462K323416,2009,Mitsubishi,Orange,43.89
WAUAF78E17A820326,2011,Toyota,Mauv,41.54
WAUSVAFA6AN993909,1993,Oldsmobile,Red,40.62
WAUGVAFR1AA082406,2009,Ford,Aquamarine,43.18
JN8AZ2KR2ET842186,2010,Ford,Puce,40.2
WBAVB33546P220585,2009,Volvo,Blue,30.74
ZFBCFAAH6EZ462719,1999,Saturn,Fuscia,30.81
5N1AA0NC8BN156938,2007,Jeep,Indigo,26.41
1HGCP2E77AA897776,1992,Pontiac,Maroon,22.88
1B3BD1FB4BN854539,2006,Mazda,Goldenrod,36.03
19UYA42571A803238,1993,Subaru,Violet,37.93
WDDEJ7KB0CA962202,1990,Porsche,Indigo,27.05
3D7TT2CT5BG786453,1997,Acura,Red,16.58
JN8AF5MV0FT955172,1992,Dodge,Purple,44.78
2HNYD2H69DH086514,2001,Chevrolet,Purple,23.74
WUARL48H79K224872,1998,Buick,Yellow,43.93
WBA3B3C58FJ430617,1996,Saab,Maroon,42.26
3GYEK62N64G749571,1990,Suzuki,Puce,26.34
1G6DE5E55C0971605,1969,Chevrolet,Pink,16.47
WA1BY74L09D565279,2005,Lexus,Indigo,37.93
WBAEU33443P874080,1988,Volkswagen,Aquamarine,22.61
1GYS3GEF8CR020125,2001,Nissan,Orange,19.03
1GTN1UEH0EZ910601,2010,Audi,Khaki,29.55
WA1YD54B62N031172,2006,GMC,Teal,31.19
WBALZ5C52CC197468,2006,Mazda,Purple,23.16
3D73Y4CL4BG196550,1995,Ford,Indigo,24.17
1GYUCBEF9AR526572,1997,Kia,Violet,16.4
WAUHFBFL4AN052540,2010,Nissan,Crimson,38.31
TRUXD38J291086071,2011,Lincoln,Maroon,30.21
WAUDH48H07K476112,1994,Saab,Puce,44.3
1D7CW3GK3AS481880,1967,Chevrolet,Blue,22.58
KMHTC6AD1FU553679,2008,GMC,Indigo,42.49
WAUKG94F86N901956,2009,Pontiac,Maroon,38.67
1GYUCBEF2AR357544,2012,Jeep,Red,21.16
1C4RJEAG4CC534537,2009,Saturn,Yellow,36.0
W04GR5EC8B1133584,2003,Cadillac,Orange,37.46
1N6AA0CA9DN094343,2006,Volvo,Maroon,23.4
WAUDF98EX6A929603,1996,Chevrolet,Aquamarine,15.61
WBAAZ33493K138927,2010,Hyundai,Teal,30.34
WAUAH94FX7N321019,2010,Infiniti,Red,21.83
1N4AL2AP4BN463838,2005,Dodge,Goldenrod,37.24
1FTEX1CM0DK826117,2007,Subaru,Yellow,24.98
WA1LFAFPXFA732879,1993,Mazda,Violet,40.15
SALFP2BN4AH566877,1985,Buick,Yellow,44.01
WA1UFAFL4EA099036,2011,Chevrolet,Green,29.65
JTDKN3DU0A0929485,2007,Mercury,Blue,25.7
3VWKP7AJ4CM003910,2011,Dodge,Goldenrod,24.55
WBAGN83544D983489,2012,Hyundai,Goldenrod,18.99
2C3CCADG5EH603048,1998,Jaguar,Yellow,19.58
WA1DKBFP6BA115219,2001,BMW,Orange,40.48
1GKUCGEJ3AR531830,2010,Mazda,Red,42.25
WBALM7C50CE528353,2005,Jeep,Mauv,36.15
WUATNAFG7CN951878,2009,Honda,Blue,23.26
5FNRL5H28EB217502,1993,Cadillac,Mauv,40.73
WBA3C1C52CA139432,2002,Honda,Mauv,19.05
SCFFDECN5CG015643,2003,Toyota,Aquamarine,19.16
1FMCU0E79AK947785,1997,Plymouth,Mauv,39.48
WVGAV7AX9CW780569,2005,Cadillac,Blue,20.95
WBAAN37461N226724,1990,Lincoln,Orange,39.83
WA1VMBFP5EA362900,2006,GMC,Purple,38.13
WAUGN74F39N948445,2010,GMC,Red,35.7
WA1CYBFE4AD822177,2006,Hummer,Green,43.32
JH4KC1F91EC518330,2007,Suzuki,Red,44.94
2G61R5S36D9213063,2002,Ford,Puce,22.03
1FBSS3BL6AD310998,2000,Audi,Khaki,29.89
WAULF78KX9A715737,1950,Hillman,Aquamarine,26.52
3C6JD6AK1CG170337,1994,Chevrolet,Goldenrod,37.23
WBAVB33516K297234,1998,Chrysler,Red,35.96
JN1CV6EK3AM676838,2009,Honda,Violet,28.93
WP0CA2A82BU504622,1992,Alfa Romeo,Violet,26.38
SCBLC31EX2C547006,2005,Porsche,Fuscia,44.09
1G6YV34AX55701845,2012,Lexus,Goldenrod,34.33
WAUHFAFL1CN437244,1998,Chevrolet,Pink,21.41
WAUAFAFH2AN869982,1995,Pontiac,Fuscia,25.06
1GYFK63808R900438,2004,Volkswagen,Teal,25.28
1G4HP54K31U585363,2004,Cadillac,Aquamarine,19.99
1D7RB1CP7AS021133,2003,Cadillac,Khaki,36.19
1N6AA0ED7FN457717,1992,Ford,Red,26.84
SAJWA4DB4DL067457,1995,Nissan,Violet,31.03
3C4PDCBB6FT147664,1993,Cadillac,Goldenrod,28.84
5J8TB18207A448943,2002,Saturn,Maroon,38.62
3C63DPJL3CG895851,2010,Aston Martin,Blue,39.9
1G6DF577X80215173,1994,Chevrolet,Orange,38.78
5FRYD3H68EB166193,2007,Suzuki,Orange,43.04
WBAKG1C55DJ160700,1992,Ford,Yellow,30.74
1GYFK66877R715362,1989,Honda,Orange,36.32
2C3CCAEG0EH183360,1994,Volvo,Mauv,38.73
WBAUP3C56BV992024,2009,Ford,Aquamarine,23.7
1D7CE5GK7AS478012,2013,Toyota,Aquamarine,27.52
JA4AS2AW2DU032017,2005,Ford,Fuscia,17.13
JH4DC54866S254751,1994,Buick,Orange,29.95
5UXFA93595L775114,1992,Land Rover,Yellow,28.15
ZFBCFABH0EZ288659,1993,Ford,Goldenrod,41.35
JN8AS5MT6DW391596,2001,Chrysler,Purple,36.68
5UXKR2C5XF0671278,1997,Chevrolet,Violet,16.72
JH4KC1F79EC212359,2006,Mazda,Yellow,16.8
1C4NJPBA0ED443802,2005,Ford,Yellow,44.9
3N1AB6AP1BL424390,1987,Ford,Maroon,41.4
4JGDA2EB4CA411254,2000,Dodge,Red,41.83
WAUKF98E67A328813,2009,Ford,Orange,17.79
WAUHFAFL5CA262620,2009,Subaru,Blue,30.15
WA1VMBFE8CD496455,2006,Cadillac,Crimson,37.58
YV1612FS2E2249255,1992,Isuzu,Yellow,43.71
3C4PDCDG1FT198529,1995,Porsche,Purple,39.23
WAUBF48H58K364436,1997,Acura,Purple,17.23
WBAWC33559P766348,1988,Suzuki,Crimson,26.12
JTDJTUD38ED571825,1995,Ford,Puce,39.6
WAUMFAFL0CA098515,2001,Volkswagen,Aquamarine,31.86
WA1WGAFP4DA127361,2012,Ram,Crimson,18.7
JN1AZ4EH0AM832449,1986,Porsche,Khaki,41.9
JTHBB1BA8C2901364,1994,Chevrolet,Orange,20.64
JA4AP3AU1CZ709663,2008,Jaguar,Crimson,27.62
1GYS4AEF1DR848187,2001,Chevrolet,Mauv,37.75
WP0CA2A89AU323306,2000,Honda,Red,39.54
WBABN33433P823606,2006,Mitsubishi,Pink,24.64
WBALL5C58EP856196,1994,Chevrolet,Crimson,42.7
3GYFK66NX6G167524,2009,Cadillac,Aquamarine,29.18
WA1YD54B63N361539,2013,Nissan,Aquamarine,18.29
3GYFNEEY7AS937620,2005,Hyundai,Crimson,17.16
JM1NC2PF6F0838383,2006,Toyota,Fuscia,30.41
WDDEJ7KB1BA748642,2001,Ford,Orange,43.7
3C6TD5KT0CG609196,1994,Chevrolet,Violet,16.81
JH4CL969X6C796972,1998,Oldsmobile,Orange,30.95
YV4952CF4E1673649,1984,Pontiac,Pink,25.6
5GADX23L75D650427,1992,Mazda,Fuscia,33.92
1J4NF1GBXAD894658,2009,GMC,Goldenrod,25.56
JN1AZ4EH3AM831876,2000,Oldsmobile,Teal,32.87
WAUBFAFLXEA813178,1997,Land Rover,Turquoise,28.9
WAULD54B23N441420,2007,Suzuki,Yellow,42.21
5N1AA0NCXCN676804,2012,Chevrolet,Fuscia,25.67
2G4GT5GRXC9959256,2005,Hyundai,Purple,25.69
5N1AN0NU4DN851823,2008,Honda,Turquoise,36.99
2C3CDXCTXEH116037,2009,Kia,Indigo,28.48
KMHCT4AE3FU951540,2008,Chevrolet,Khaki,22.17
1G6AB5RA3F0128655,1999,Mercury,Crimson,35.86
JHMGE8G38DC775969,2006,Dodge,Indigo,33.01
WBAFA53591L601352,2008,Acura,Goldenrod,36.62
19VDE3F32DE961811,2007,Subaru,Violet,29.08
1D7RB1CP7BS198816,2005,Suzuki,Turquoise,32.51
WVWAP7AN7EE191378,2008,Pontiac,Aquamarine,23.13
WAUGL98E68A972635,2006,Maybach,Red,23.97
JN8AZ1MU2CW682978,1994,GMC,Teal,19.05
3C4PDDDG2FT786123,2000,GMC,Indigo,21.1
1G4GE5G39EF984195,2006,Mitsubishi,Mauv,42.07
WAUDF98E67A397767,1997,Plymouth,Orange,33.98
JH4CU2F60AC347206,2006,Toyota,Orange,16.36
3C4PDCGB1ET265578,2011,Nissan,Pink,20.17
WAUWFAFR1EA917757,1996,Acura,Turquoise,28.08
19XFB2E58DE819310,1986,Lotus,Turquoise,20.73
1G6DM8EG2A0530002,1993,Pontiac,Yellow,43.97
1FTMF1EW5AF193518,1980,Honda,Orange,37.41
WA1BY94L58D981273,2005,Hyundai,Fuscia,16.99
WAULFAFR4AA527832,2006,Ford,Teal,15.67
WAUJT68E82A697331,2009,Ferrari,Red,42.41
1G6DM57T460993565,1986,Pontiac,Puce,20.11
2T1BPRHE4EC561419,2002,Jeep,Indigo,19.47
KNDJN2A21E7298719,2004,Chrysler,Puce,19.42
1GYUKCEF9AR506640,2013,Scion,Fuscia,40.0
WAUR4AFD2DN006495,2003,Buick,Violet,23.04
3GYFK66N04G941289,1994,Mitsubishi,Orange,22.79
1G6AJ5S33E0520841,1995,Chevrolet,Blue,21.8
2G4WE587981062020,1966,Pontiac,Crimson,25.25
JA32U2FU2FU915810,1953,Chevrolet,Red,16.12
1G6AK5SX7D0380453,2007,Land Rover,Aquamarine,35.02
WAUFMBFC4EN969867,2006,Porsche,Maroon,30.92
WBAKB83539C118156,1991,Audi,Mauv,29.77
1FTEW1C8XAK459230,1998,Mercury,Khaki,42.57
WDDHF2EB3DA416539,1998,Chevrolet,Aquamarine,29.81
TRUDD38J891148348,2007,Chevrolet,Green,36.02
1J4NF1GB3BD721081,2005,GMC,Puce,32.09
1GYEK63N42R597575,2003,Infiniti,Mauv,17.64
WBAKP9C57ED308229,2012,Infiniti,Goldenrod,29.89
1G6DC5EY6B0005911,2011,Ford,Mauv,43.87
1N6AA0EC4EN560826,2011,Dodge,Goldenrod,25.89
WA1DGAFE7FD013233,2010,Audi,Crimson,34.28
WBANB33565C779559,1992,Ford,Maroon,18.73
SCBZK22E42C276837,2006,Cadillac,Violet,17.3
2T1BPRHE2EC808159,2004,Ford,Green,42.99
2C3CCACG3CH005717,2009,Land Rover,Yellow,30.75
SCBFR7ZA6CC657735,2005,Toyota,Red,28.91
3VWF17AT6FM302856,1999,Plymouth,Turquoise,16.18
WA1CFAFP3DA644303,2006,Cadillac,Blue,24.4
1FTMF1CW8AF895190,2000,Nissan,Red,32.97
WAULC58E44A074911,1999,Lexus,Yellow,41.57
JTEBU5JR8B5885539,1998,Ford,Crimson,21.52
WBAYA8C59ED543057,2002,Toyota,Khaki,43.21
1G6YV36A185181374,2009,Ford,Puce,20.43
1N6BF0KM7FN653215,2004,Chevrolet,Goldenrod,23.56
2HNYD28219H823189,1990,Ford,Turquoise,23.89
2C4RDGEG6DR181000,2010,Suzuki,Purple,27.8
WA1DGAFE6BD633985,2009,Lotus,Red,27.61
1G4PS5SK0F4914508,1997,Mercedes-Benz,Indigo,36.65
SCFFDAAE2AG661280,1994,Mitsubishi,Turquoise,23.87
WBADW7C55CE022936,1993,Porsche,Mauv,15.47
3D7TP2CTXAG998218,2011,Mercury,Crimson,32.7
1C4RJEAGXEC239235,1995,Dodge,Teal,19.51
WVWAN7AN0EE168143,2006,Hummer,Red,37.28
1FMJK1HT5FE789527,2005,Toyota,Puce,27.4
KM8JT3AF7EU476161,1995,Buick,Aquamarine,39.0
3C6TD5ET7CG149661,1997,Volkswagen,Crimson,27.29
4JGBF2FE5CA146930,2012,Mazda,Mauv,41.59
WBA3B9C53DF354985,1995,Nissan,Khaki,31.68
JM1CR2W34A0516024,2007,Mercury,Goldenrod,23.19
1N6AA0EJ0FN373339,1996,Chevrolet,Blue,42.29
1C6RD7MT1CS067554,1990,Mercury,Indigo,40.82
WVWAW7AH4BV672911,2001,Ford,Violet,25.12
WBADN63423G499669,1994,Chevrolet,Turquoise,26.48
1GYS4DEF9BR162722,1999,Plymouth,Crimson,41.39
5FRYD4H23GB509269,2001,Infiniti,Green,15.86
1G6DA5EG4A0248841,1995,Mazda,Red,23.89
3TMJU4GN1AM695962,1992,Nissan,Turquoise,42.45
1GTN1TEX7DZ831801,2003,Ford,Indigo,21.32
SCBGR3ZA8CC464936,1996,Ford,Mauv,29.29
2C4RDGCG2FR223099,1995,Ford,Green,40.39
1GYUKAEF7AR378192,2000,Toyota,Crimson,15.19
1GYS4UKJ4FR109795,2000,Ford,Maroon,19.86
1FMJU1G57AE034658,2004,Hyundai,Turquoise,37.0
WAUVT58E05A317902,1984,Buick,Mauv,41.19
JH4NA21633T121415,2004,Mazda,Crimson,27.29
2FMDK3AK1DB180972,1978,Plymouth,Orange,38.04
JTDZN3EU2EJ414839,2010,Chevrolet,Green,32.25
JN8AF5MR3BT728586,2008,Audi,Orange,44.56
1GYS3JEF7CR079874,1998,Isuzu,Puce,34.6
WAUFFAFL7CN560649,2011,Dodge,Purple,35.38
5N1AN0NU1BC463022,1986,Mercury,Mauv,17.52
19XFB2F58FE121958,2012,Scion,Green,17.43
2G4WB55K311444521,2011,GMC,Teal,34.25
WBA6B2C54ED023835,2012,Chevrolet,Blue,17.34
1N4AB7AP0DN586748,1987,Pontiac,Indigo,37.09
WBA3X9C59FD075959,2007,Lincoln,Orange,27.09
1YVHZ8BH8A5865582,1997,Lamborghini,Turquoise,29.98
WAUPEAFM9CA748936,2000,Volkswagen,Pink,36.22
2C3CA1CVXAH345545,2002,Mazda,Fuscia,43.25
JH4DC54842C627533,1998,Dodge,Orange,35.5
1FTEW1CM0CF260552,1987,Ford,Goldenrod,27.35
1G6DC1E30E0002326,1992,Ford,Turquoise,44.68
SAJWA0F73F8218151,1997,Audi,Blue,37.06
5J8TB1H56CA393841,2009,Jeep,Goldenrod,25.27
WBA3C3C51EP037602,2011,Ford,Crimson,43.75
JM1DE1HY6B0372979,2000,Toyota,Puce,16.59
1B3BD1FBXBN563401,2001,Dodge,Crimson,40.36
2C3CCAAG4CH999622,1998,Oldsmobile,Red,16.87
WVGAV3AX2EW037926,1993,Suzuki,Aquamarine,28.23
1N6AF0KY3EN063994,2007,Spyker,Purple,19.21
WA1DGBFE2DD448213,2010,Volkswagen,Violet,19.71
1FTFW1E87AF758863,2000,Kia,Indigo,31.47
1FTEX1CM3BK835455,1992,Geo,Orange,32.19
KM8NU4CC8BU949956,2003,Nissan,Red,44.4
WP0CB2A89FS487168,2012,Nissan,Goldenrod,43.32
JN1CV6EK8CM555290,2000,Oldsmobile,Blue,18.11
SCFFDAAM7DG297210,1988,Ford,Aquamarine,20.72
WBAYP5C58ED334146,2011,Suzuki,Blue,39.41
WBSBR93455P561674,1987,Mitsubishi,Red,17.19
1G6DS5E38D0053940,1993,Buick,Fuscia,20.1
5N1AT2ML6FC125728,2000,Isuzu,Turquoise,35.49
5N1AN0NW9FN827117,2004,Dodge,Goldenrod,33.36
SCBLC31EX1C433165,2009,Volvo,Aquamarine,22.34
1VWAH7A35EC158528,2012,Toyota,Khaki,42.1
WA1BY74L38D355161,1992,Chevrolet,Maroon,39.46
5UXFF035X9L621546,2009,Honda,Aquamarine,42.48
1FAHP2D83DG007134,2010,Bentley,Turquoise,42.45
JN8AZ1MUXEW124220,2001,Volkswagen,Turquoise,20.47
WBAPL3C58AA091252,1991,Mitsubishi,Khaki,32.78
WAUVT58E03A026507,1985,Audi,Blue,31.34
2C3CDXCT6DH423512,1999,Nissan,Maroon,18.4
5FRYD4H22GB579779,1996,Cadillac,Indigo,25.72
WVGEF9BP5ED267200,1992,Isuzu,Red,24.65
WVGAV7AX1AW406566,2007,Hyundai,Goldenrod,32.41
1G4HC5EMXBU238948,1994,Saturn,Indigo,17.84
2C3CCAAG6EH582960,1997,Mercury,Purple,33.0
1FTFW1E88AF609541,1985,Ford,Aquamarine,26.57
3MZBM1K70FM872324,2009,Ford,Red,35.7
2D4RN4DE6AR446170,2001,BMW,Yellow,31.11
1G4GH5G32DF953828,2000,Mitsubishi,Khaki,23.38
1C3CCBBB6EN366803,2010,Maserati,Green,40.51
WAUJT68E74A368669,2010,Lincoln,Indigo,28.64
JH4DB85911S904459,1984,Honda,Violet,40.64
1FTEX1CM8DF693308,2005,Ford,Khaki,33.83
2B3CJ7DJ5BH213015,1999,Chevrolet,Violet,34.89
3FA6P0LU5DR959006,1968,Ford,Red,21.48
5N1AA0NC7EN483111,2000,Chevrolet,Yellow,29.2
1GYFC56259R667835,2006,Infiniti,Indigo,42.4
WAUHF68P36A005361,1997,Acura,Khaki,39.32
1GYS4HKJ3FR469373,2005,Mercury,Maroon,21.29
JN1CV6EK8FM595907,1998,Chevrolet,Pink,33.91
1G6D05EG1A0511290,2006,BMW,Fuscia,22.02
YV4952BL5E1741206,1997,Honda,Teal,30.1
3VW517AT6FM650085,1985,Mercedes-Benz,Maroon,25.0
1D7RV1CT0BS537386,1996,GMC,Indigo,17.12
4T1BF3EK8AU602332,1993,Alfa Romeo,Crimson,22.7
WBA3V9C51EP645780,2007,Bentley,Turquoise,26.22
1FTMF1C84AK867105,1993,Jeep,Indigo,28.69
WAUKH78E47A038908,1992,Chevrolet,Fuscia,17.36
3G5DB03E25S837231,2002,Chevrolet,Mauv,28.46
WBSKG9C59CE133436,2005,Volkswagen,Indigo,40.15
KMHTC6AD4EU133963,1999,Saab,Khaki,27.89
WDDGF4HB6ER524482,2012,Ford,Pink,26.32
JH4DC54825S475682,2006,Hummer,Maroon,27.28
5UXWX5C55BL072208,2001,Mitsubishi,Violet,37.5
WBA3A9C59DF486278,2004,Volkswagen,Orange,22.19
1G6DP8E30C0341162,1996,Toyota,Aquamarine,19.63
WBAVB13506K449640,2000,Chevrolet,Puce,18.84
WBAGJ03481D354690,2010,Toyota,Indigo,23.71
19UYA426X2A102171,2004,Toyota,Khaki,24.48
WBAHL83536D201261,2008,Toyota,Indigo,30.72
WDCGG5GB4CF571789,2001,Saturn,Violet,42.86
JN1BY1AP4EM857864,1991,Subaru,Red,31.54
KMHCM3AC7AU109041,2004,GMC,Yellow,26.35
JN1AZ4EH4AM870525,2008,Ford,Indigo,24.41
3C3CFFDR9CT759720,2006,Ford,Mauv,16.51
1VWAH7A34CC759720,2004,Porsche,Orange,21.86
1G6DL1E30D0181918,2009,BMW,Puce,44.38
WBANE53527B825805,2004,Mercury,Khaki,32.41
WAUVC68E44A967286,2006,Dodge,Goldenrod,15.8
KNAFU5A20B5511237,1998,BMW,Yellow,43.97
WVGAV3AX1DW738813,2002,Cadillac,Orange,31.36
JTEBU4BF2EK858793,2010,Ferrari,Fuscia,28.67
2G4GL5EX5F9236274,2011,Toyota,Turquoise,28.31
3C3CFFAR8CT728950,2009,Ford,Fuscia,28.02
5N1BA0NE8FN469578,1959,Chevrolet,Violet,26.91
TRUSX28N821684881,1990,Volkswagen,Turquoise,26.29
WBSBR93421E623313,1992,Infiniti,Teal,25.28
3VW1K7AJ5DM376272,1997,Mitsubishi,Aquamarine,42.32
WAUAF98E85A974718,2012,Porsche,Purple,41.94
KNAFT4A29D5755498,1999,Chevrolet,Aquamarine,22.14
KMHHT6KDXAU965046,1996,Audi,Blue,24.57
JN1CV6AP5BM998559,1996,Cadillac,Mauv,32.27
WDDGF4HB9CR684885,1988,Pontiac,Orange,35.18
SCFFDABEXCG387019,2010,Aptera,Puce,44.64
2HNYD18401H902594,2002,Toyota,Maroon,24.59
JTHDU5EF9C5910848,1990,Lincoln,Pink,44.96
JA32X8HW9AU563939,2001,Volvo,Puce,17.15
2FMDK3AK6DB045938,2005,Acura,Indigo,15.54
1G6DS5E3XC0475741,1998,Buick,Orange,20.14
1ZVBP8AM2B5346834,2010,Toyota,Pink,37.64
WAUAFAFLXFA671816,1995,Plymouth,Purple,27.01
1N4AL3AP4DC645432,2004,Ford,Pink,21.2
1G4HP54K02U836986,2006,Chevrolet,Goldenrod,25.35
3VW4A7AT7CM912624,2011,Lexus,Pink,44.66
JN1CV6EK4BM910910,2004,Suzuki,Mauv,29.04
2B3CL5CT8BH860414,1987,Mercury,Red,44.26
JH4CU2E84EC121131,2003,Ford,Turquoise,16.5
KNADN5A37F6124052,1992,Cadillac,Teal,31.97
1FTEW1C89AK924824,1986,Ford,Yellow,26.56
1FTKR1AD2AP417258,1990,Land Rover,Blue,43.97
5XXGM4A78FG669243,2002,Pontiac,Violet,19.98
WAUNF98PX8A642674,1997,BMW,Teal,25.81
WA1LMBFE0BD915937,2002,GMC,Crimson,17.19
SCFAD22393K298442,1991,Buick,Yellow,21.75
1G6AT5S37E0440601,1998,Buick,Teal,24.23
JN8AF5MR0ET277475,1984,Ford,Purple,23.94
WBA3A5C52FF719784,2007,BMW,Fuscia,32.84
5GAKVBED4BJ233976,2002,Dodge,Goldenrod,19.48
WAUEH48H17K858315,2007,GMC,Green,27.02
WAUA2AFDXDN569359,2002,Suzuki,Puce,21.48
TRUUT28N961951035,1992,Buick,Khaki,19.16
1HGCP2E46AA453813,2010,Cadillac,Green,40.49
5GADV33L15D259317,1994,Oldsmobile,Pink,40.77
2LMDJ6JK1EB395930,1999,GMC,Blue,15.44
WAUMGBFL0BA329009,2007,Mazda,Mauv,23.12
19UUA65686A864832,2010,Kia,Orange,43.04
1N6AA0EC7FN408590,2011,Smart,Green,24.9
5GADV33W67D094250,1994,Ford,Green,40.07
3VW467AT7DM879675,2010,Bentley,Goldenrod,40.65
1G6KD57Y68U901192,1997,Oldsmobile,Aquamarine,40.53
WBAYF8C56DD549334,1999,Oldsmobile,Teal,21.86
2C3CDXEJ8EH880349,2011,Mazda,Aquamarine,42.87
WAUVT68EX5A950820,1982,Chevrolet,Khaki,44.51
2T2BK1BA6BC169085,1994,Audi,Purple,24.15
KL4CJDSB2DB753405,2008,Chrysler,Puce,42.6
WAUEFAFL4BN943751,1994,Chrysler,Pink,32.85
WAUAC48H23K854572,1988,Ford,Purple,19.0
19UUA76537A377292,2004,Mercury,Goldenrod,30.44
WAUFFAFL9BA847108,1993,Chevrolet,Orange,30.57
WAUGF98K19A337143,2007,Saturn,Khaki,27.6
SCFEBBAC9AG986739,1993,Mitsubishi,Crimson,19.59
3D73M4CLXBG312992,1988,Mercury,Green,17.58
SCFEBBEL7DG167484,2008,Bentley,Crimson,18.19
KNAGG4A87A5267739,1993,Suzuki,Indigo,40.68
WBAVM5C59FV592036,2005,Chevrolet,Green,15.9
JH4CU4F46AC175385,1997,Ford,Mauv,28.83
WAUUL68E25A093243,2004,Ford,Goldenrod,33.89
5FRYD3H26EB980923,2001,Acura,Mauv,36.96
2HNYD28218H390777,2008,Toyota,Khaki,21.12
WAUEH48H08K789618,2005,BMW,Puce,32.65
JTEBU5JR3B5484240,2001,Pontiac,Violet,41.09
WAUXL68E75A291216,2013,Kia,Pink,44.83
WA1LMAFE0BD326476,2007,Toyota,Crimson,28.85
JN1AJ0HP6AM815318,2007,Chevrolet,Khaki,28.57
3N6CM0KN1FK916601,1994,Geo,Puce,42.81
KM8NU4CC5AU649399,2010,Toyota,Puce,37.74
WBA3A9C59EF826904,2012,Toyota,Purple,34.54
3VW1K7AJ8DM799718,1987,Audi,Green,38.44
KNDKG3A21A7230998,2009,Volkswagen,Pink,18.29
5GADS13S972545421,1995,Land Rover,Blue,37.36
SCFFBCCDXAG691147,2006,Chevrolet,Aquamarine,24.89
JN8AZ2KRXBT381427,2010,Hyundai,Purple,27.81
1G6KS54Y52U783962,2001,Ford,Turquoise,30.8
JH4DB756X1S190461,2011,BMW,Purple,28.28
WDCGG0EB9DG270467,2010,Mitsubishi,Khaki,19.79
1FTEX1CW6AK705007,1985,Saab,Purple,29.56
WBALL5C52CJ210006,2005,Ford,Yellow,17.41
WAUKH74F18N101651,2003,Hyundai,Maroon,41.76
1J4RR4GG0BC463534,1987,Toyota,Indigo,37.82
WAUDK78T69A332578,1986,Pontiac,Purple,20.13
WAUPL58EX5A990916,2005,Nissan,Green,41.25
1D7RB1CT4BS771751,2002,Toyota,Pink,23.76
19UUA568X3A095286,2009,Toyota,Turquoise,33.08
W04GN5EC8B1128932,2007,Nissan,Green,19.5
1G4HR54K834981110,1997,Mercury,Mauv,24.34
5TDDCRFH5ES773934,1998,Volvo,Yellow,43.21
WAUVC68E34A083839,2002,Ford,Turquoise,23.4
WAUKG78E96A851288,2007,Chrysler,Goldenrod,36.18
3VWPG3AG9AM937769,2006,Ford,Crimson,18.85
JH4CL95905C370336,2003,Honda,Blue,37.27
55SWF4JB8FU502182,2004,Toyota,Khaki,29.87
KMHHT6KD3AU145665,1988,Mitsubishi,Orange,19.39
2G4WF551731443175,2006,Honda,Red,31.04
3D7TT2HT4AG283455,2001,Kia,Yellow,44.48
1G6AB5SX8E0203329,2003,Chevrolet,Teal,34.36
WBA5B1C54FG570819,2001,Ford,Khaki,18.09
1G4GH5E33DF447461,2004,Pontiac,Orange,30.63
4T3BA3BB2EU791883,2002,Buick,Blue,28.74
WAU4FAFR4CA984891,2004,Ford,Orange,34.97
2G4GT5GK3C9226002,2010,Ford,Purple,44.34
WAUVVAFR8AA770295,2010,Land Rover,Teal,44.01
5NPDH4AE0DH811012,2009,Nissan,Green,41.25
5GAKRBKDXEJ595355,1998,Lexus,Goldenrod,29.01
5UXFB53585L641331,1988,Audi,Aquamarine,40.61
1G6DA8E5XC0012035,2010,Chrysler,Indigo,20.02
3VWML7AJ1DM739208,1990,Pontiac,Orange,16.33
WBAVB73578P955264,2004,BMW,Indigo,38.89
2G4WS52J421590746,1992,Dodge,Puce,35.03
1G6DG5EY4B0869134,2003,Ford,Orange,26.15
WVGDF9BP7ED751252,2011,Toyota,Orange,15.71
WBAYA8C58ED553255,2002,Volkswagen,Crimson,30.38
SALAB2D46BA136453,2009,Dodge,Orange,28.56
1D7RE3BK6BS170319,2004,GMC,Khaki,26.78
KNDMG4C37A6890313,2011,Honda,Mauv,43.43
2GKALMEK4D6407334,2011,MINI,Red,30.58
1G6KD57Y86U076107,2012,Toyota,Goldenrod,21.86
3VWAL7AJXAM356916,1991,Subaru,Orange,29.04
3N1AB6AP3AL617719,2010,Rolls-Royce,Violet,20.01
5UXFA53502L299596,2008,Cadillac,Fuscia,31.24
1GD022CG5CZ498982,2006,Mazda,Indigo,34.09
1G6KA5E65BU060810,1996,Toyota,Teal,16.4
2C3CDXHG4CH741235,1996,Subaru,Khaki,26.4
2LMDJ6JC2AB273130,1993,Dodge,Turquoise,29.56
SCBBP9ZA9DC200547,2005,Mercury,Goldenrod,28.87
5TFBY5F14CX238931,2001,GMC,Red,42.86
1FMJU1J51AE386756,2006,GMC,Khaki,38.05
1GTN1UEH0FZ196678,2008,Chevrolet,Red,44.01
4T3BK3BB4FU447244,2008,Lamborghini,Teal,22.58
2HNYD28847H354309,2004,Honda,Goldenrod,39.45
1FMNE1BW0AD012666,1993,Buick,Indigo,40.16
3C6LD5AT3CG153518,1988,Pontiac,Pink,43.07
WAUHGAFC2CN650393,1993,Lexus,Fuscia,26.55
WAUDH78E37A636836,1998,Lexus,Aquamarine,31.77
WAUVT58E12A673545,1963,Austin,Orange,39.44
1FMEU8FE3AU237273,1995,Geo,Purple,27.13
3VWF17AT7FM458548,2011,Cadillac,Pink,16.89
3D4PH6FGXBT255407,1985,Pontiac,Yellow,35.86
1G6DM57N340696169,2002,Toyota,Indigo,35.02
WAUMFAFH5FN641138,1995,Nissan,Orange,44.28
1G6DG8E31E0430094,1994,Ford,Goldenrod,29.28
WBABS33413J699234,2011,Honda,Puce,30.01
WAUWFAFR5DA320464,1990,Pontiac,Yellow,18.94
5TDDK4CC6AS915202,2009,Kia,Indigo,17.05
WBA3C1G58DN825088,2012,Ford,Orange,16.6
WBADT43482G637661,2012,Hyundai,Khaki,36.25
YV4960BZ7A1564691,2006,Chevrolet,Blue,20.24
3N1CN7AP2DL085700,2000,Oldsmobile,Indigo,39.01
1C4NJCBA0FD045855,2006,Dodge,Pink,30.43
WP0AB2A94FS274659,1989,Audi,Turquoise,17.73
2G4GY5GV6B9850905,2006,Suzuki,Fuscia,16.2
JN1AZ4EH8DM318787,2009,Ford,Fuscia,39.83
5N1AT2MK6EC431107,2005,Mercedes-Benz,Mauv,32.48
WBA3C1C52DF963774,1965,Volkswagen,Yellow,19.52
JN8AF5MV7FT483469,2002,Ford,Crimson,40.88
JM1NC2EF8A0582856,2011,Ford,Violet,24.71
YV1952AS7E1836646,2012,Mitsubishi,Red,36.42
WBALW3C53EC499013,2009,Porsche,Aquamarine,40.77
YV4902DZ0E2610288,1990,Mazda,Mauv,25.75
5N1AZ2MH1FN761987,2009,Infiniti,Indigo,34.83
WBAVA33597P100382,2006,Lincoln,Crimson,40.78
3C4PDCEG3CT385622,2005,Mercedes-Benz,Purple,30.65
1GD21ZCG0DZ011354,2002,Acura,Green,30.44
KNAFK4A68E5009440,1997,GMC,Fuscia,41.6
JA32U1FU5CU851901,2011,Dodge,Goldenrod,41.4
WBA3V9C53EP217256,1962,Studebaker,Indigo,26.29
WBA3C1C54CA627815,2012,Mitsubishi,Puce,43.1
2T1BURHE1FC981861,2011,MINI,Maroon,37.32
3C6TD5GT6CG516627,2001,Dodge,Maroon,28.66
3VWML7AJ4DM562248,1984,Mercury,Blue,38.69
1N6AF0KXXFN689115,2007,Bentley,Pink,27.43
JN8AE2KP4E9560753,1996,Subaru,Khaki,38.66
KNADM4A35C6912448,2005,Honda,Mauv,15.74
SALWR2VF5FA874493,1999,Pontiac,Teal,36.5
WDDGF4HB5DF300796,1996,Suzuki,Turquoise,41.71
WDDHF8JB7DA047533,1995,Buick,Khaki,20.6
KNAFU6A24B5384434,2012,Chevrolet,Aquamarine,26.52
SAJWA4DC4DM742968,1996,Mitsubishi,Maroon,39.32
2LMDJ6JK6EB570964,2008,Hyundai,Red,26.64
4T1BF1FK3EU949480,1983,Porsche,Aquamarine,39.96
WBAEP33462P708228,1991,Mitsubishi,Crimson,38.1
3LNDL2L34CR612325,1997,Mercury,Orange,21.33
2FMDK3AC2AB742303,2012,Ford,Fuscia,16.25
KNAFU6A22A5423987,1985,Mercury,Purple,43.25
WAUKH98E97A306525,2010,Audi,Maroon,41.74
WBA8Z5C56FG871768,1999,Mercury,Blue,29.64
WAUGL78E18A144786,1997,Ford,Pink,43.3
1GYS4GEF3DR521423,1992,Oldsmobile,Khaki,28.17
WP0AA2A92CS939105,2000,Volvo,Crimson,32.06
WBA3R1C5XFF740173,1992,Infiniti,Crimson,27.96
JTDKTUD35DD358611,2005,Buick,Blue,29.27
JN8AZ1FY3CW771622,1998,GMC,Crimson,24.17
JN1BJ0HP1DM807295,2006,Kia,Aquamarine,39.09
WBADN53472G044311,1985,Volkswagen,Puce,21.78
4T1BD1EB7FU820506,2008,Ford,Crimson,17.64
JN1CV6EK5CM015251,1998,Nissan,Turquoise,20.49
WP0CB2A80FK367954,1990,Mazda,Green,26.63
1FTSX2A58AE494071,1988,Mercedes-Benz,Fuscia,16.75
1N6AA0EJ1FN891251,1988,Mitsubishi,Orange,35.73
JH4CU4F49BC177245,2007,Saab,Purple,17.26
2G4GR5EK1C9800775,1993,Dodge,Orange,29.58
2T1BURHE5EC408993,1992,Nissan,Turquoise,20.5
SAJWA4DC2DM315756,1995,Isuzu,Teal,25.78
1C4RDHEG8FC480313,2012,Chevrolet,Mauv,43.89
WAUHFAFL8CN560202,1987,Porsche,Yellow,16.03
1G6DM1ED4B0135964,2008,Infiniti,Purple,16.86
2C3CDXHG7EH775575,1991,Ford,Crimson,16.91
2HNYD284X7H688941,2004,Pontiac,Turquoise,30.01
WAUKGAFB1BN233486,2011,Ford,Turquoise,35.48
3D4PG4FB7BT617964,2000,Chevrolet,Yellow,19.13
WVWDB7AJXEW745791,1997,Chevrolet,Indigo,24.62
3FAHP0JA9AR297038,1999,Oldsmobile,Purple,30.36
2G4GP5EC5B9738388,2008,Subaru,Khaki,18.46
5NPDH4AE3CH866343,1995,Ford,Green,38.43
WBA3A5C54EF167526,1991,Porsche,Green,29.38
WAUDF68E15A793763,2011,Toyota,Turquoise,44.75
JN1AY1AR9CM161091,2006,Nissan,Orange,30.77
WBSDX9C58DE719975,2010,Chevrolet,Teal,26.1
KNADM4A36E6656727,2005,BMW,Violet,30.66
2C3CCAKG2EH431743,1992,Pontiac,Blue,29.34
1GYS3EEJ4DR572988,1993,Subaru,Fuscia,35.57
2C3CA6CT4BH271360,2010,Infiniti,Aquamarine,31.15
YV4940BL3D1235377,2002,GMC,Crimson,21.04
WBAYB6C51DD432471,2010,Chrysler,Blue,39.33
WA1CV74L57D277056,1990,Buick,Khaki,40.29
JTDKDTB3XD1403389,2005,Chevrolet,Aquamarine,33.41
WAUGL98E96A781644,1990,Ford,Turquoise,29.88
WBAKX6C54BC718339,2011,Nissan,Purple,21.61
1N6AA0EC4EN553407,2006,Buick,Green,37.01
1N6AF0KX2EN750939,2008,Chevrolet,Puce,44.66
SCFBF03B37G957892,2005,Infiniti,Pink,22.92
JH4NA21625S157864,1993,Mitsubishi,Green,43.65
1FTEX1CM1DK104915,2000,Ford,Maroon,40.12
3C6TD4CT8CG872464,2012,Ford,Puce,42.21
SCBBR93WX8C172519,1989,Subaru,Aquamarine,29.39
5FPYK1F23DB314896,2006,Ford,Fuscia,24.42
WBA1J7C51FV004763,1976,Plymouth,Purple,36.89
JN1AZ4EH9AM136740,1990,Mazda,Blue,38.54
WP0AA2A9XDS475451,2003,Nissan,Crimson,40.9
1G6DM8EV0A0431709,2008,Ford,Maroon,21.29
1N4AL2AP4CN131741,1993,Volvo,Violet,34.8
1G4HR54K13U551807,1989,Subaru,Green,31.83
2T1KE4EE5AC315244,1994,Dodge,Violet,33.78
SCFAD02A96G531715,2005,Mazda,Indigo,33.21
WBAYP1C55ED273279,2008,Mazda,Pink,31.84
1GD322CG3EF865816,1969,Pontiac,Green,18.81
4T1BF3EK5BU668838,2004,Subaru,Goldenrod,21.97
JM1GJ1T6XF1699447,1993,Lincoln,Goldenrod,40.4
1GTG5BE38F1613744,1995,Volkswagen,Purple,38.11
WAUML44E95N456382,2002,Infiniti,Red,16.11
WAU3FAFR9AA985785,1999,Isuzu,Puce,44.13
JTJBC1BA8B2712627,1996,Chevrolet,Red,32.84
1LNHL9DK1DG743897,2000,Kia,Indigo,43.25
1G6YV36A695079974,2012,Volvo,Khaki,31.86
YV126MEB6F1851743,1997,Acura,Orange,21.07
1GYFC26239R331194,1974,CitroÃ«n,Orange,28.04
WBANE53546C245058,1988,Mazda,Goldenrod,16.88
5XYZG3AB2BG894729,1990,Ford,Orange,40.42
5GAKVAED1BJ053154,1999,Pontiac,Aquamarine,23.46
1D4PU2GK7AW620691,1993,Chevrolet,Orange,37.52
5N1AN0NU5DN944768,2005,Chrysler,Violet,23.0
1G4HJ5EM0AU083637,2004,Volkswagen,Fuscia,38.37
1GYS3TKJXFR145150,1997,Dodge,Maroon,27.79
JH4CL95968C974588,2005,Subaru,Teal,18.61
5N1AR2MM0FC276183,1992,Jeep,Fuscia,22.37
1N6AD0CU4BC496961,1994,Mercury,Puce,30.67
1GD22ZCG6CZ841655,2002,Hyundai,Mauv,26.36
WDDDJ7CB6AA740853,2005,Chrysler,Pink,26.47
WAUMF98K39N204279,2004,Chevrolet,Maroon,15.68
WBAEK73414B787569,2000,Dodge,Yellow,16.65
3GYFNBE33FS019681,1996,GMC,Aquamarine,31.15
1GKS1KE03ER515706,1988,Volkswagen,Violet,44.28
WBAVC73598K224734,2011,Aston Martin,Turquoise,41.43
WAUDK78TX9A289458,2007,Acura,Fuscia,23.82
WBAGN63494D461405,2006,Mercedes-Benz,Turquoise,42.06
WAU2GBFC8CN151674,1968,Ford,Teal,23.77
JTHBE5C26B5667583,1996,Dodge,Puce,31.56
WA1CGBFE9CD194719,2003,Volvo,Pink,28.3
1GD21ZCG1BZ143763,2009,Honda,Turquoise,42.44
WAU4GBFB4BN824717,2011,Maserati,Mauv,34.0
1GYFK46858R571686,2012,Hyundai,Maroon,27.29
3VW1K7AJ8DM291975,2007,Audi,Violet,27.38
19UUA9E51DA234477,1992,Chevrolet,Aquamarine,24.96
1G6KD57957U515631,2008,Acura,Khaki,33.52
JH4KB2F53BC701469,1995,Chevrolet,Teal,29.1
WAUAF98E77A735244,1995,Lamborghini,Violet,17.42
1G6AC5S37D0381399,2010,Porsche,Crimson,27.51
