registrska_tablica,starost,model,barva,menjalnik,pogon,stevilo_sedezev
WAUEH94F96N943711,1985,Volkswagen,Violet,rocni,hibridni,1
2C3CDXJGXCH390146,2001,Suzuki,Indigo,rocni,bencin,4
WDDHH8JB5FB806090,1990,Pontiac,Turquoise,rocni,hibridni,6
1G4GJ5E31CF350083,1972,Pontiac,Violet,avtomatski,zemeljski plin,6
WA1AY74L67D991745,1994,Lexus,Teal,rocni,hibridni,5
WP0CB2A81FS528134,2006,Dodge,Turquoise,rocni,dizel,7
WAUWFAFRXDA035064,1999,Chrysler,Crimson,rocni,bencin,1
WAUSH78E07A670532,1993,Jeep,Yellow,rocni,dizel,1
SALAC2D45BA319646,1993,Suzuki,Fuscia,rocni,elektricni,6
5UXFB53535L595505,2009,Mercedes-Benz,Orange,avtomatski,bencin,5
JM1GJ1U56F1209088,1969,Pontiac,Aquamarine,rocni,bencin,3
5GAKRCKD2EJ581035,1992,GMC,Violet,avtomatski,bencin,5
KNDJT2A50D7841041,2012,Honda,Indigo,avtomatski,bencin,1
3C3CFFAR7CT717292,1993,Suzuki,Crimson,avtomatski,zemeljski plin,3
WAUXF78K69A373298,1998,Chevrolet,Crimson,rocni,bencin,7
WBAAX134X4P254295,2004,Volvo,Teal,rocni,bencin,3
WAUCFAFH2CN116903,2009,Lexus,Puce,rocni,elektricni,2
3GYFNAEY2AS964071,2001,Ford,Maroon,avtomatski,zemeljski plin,2
1G6AB5RA9D0485979,1995,Volkswagen,Yellow,rocni,zemeljski plin,2
WDDHF0EB7EA870332,1992,Geo,Red,rocni,bencin,5
WAUNF68P76A358916,1997,GMC,Aquamarine,rocni,zemeljski plin,4
1D7RE3BK8BS061800,2006,Chevrolet,Crimson,rocni,hibridni,5
JTHFF2C24E2632902,1997,Lincoln,Green,rocni,elektricni,2
WBA4A5C59FD113205,2005,Chevrolet,Puce,rocni,elektricni,6
WBADW3C56DE344351,2011,Dodge,Crimson,avtomatski,zemeljski plin,4
4T1BF3EK0BU094682,2011,Toyota,Mauv,rocni,zemeljski plin,2
1N6AA0CA1BN306603,2010,Mercedes-Benz,Orange,rocni,bencin,6
WBANV93598C492585,2006,Hyundai,Blue,rocni,bencin,4
1FTEX1CM8CF594230,2007,Buick,Aquamarine,avtomatski,elektricni,1
SCFAB02A46G522880,2010,Mitsubishi,Khaki,rocni,hibridni,4
WBABW53475P181810,2006,Ferrari,Maroon,rocni,hibridni,7
1GKS1EEF5CR979177,2008,Chevrolet,Purple,rocni,hibridni,2
2T1BURHE0EC784016,2007,Nissan,Teal,avtomatski,zemeljski plin,5
1G6AH5S32E0043315,1992,Mercedes-Benz,Khaki,rocni,dizel,3
1FMJK1F51AE556127,1991,Mercury,Yellow,rocni,hibridni,6
3GYFK66N56G818591,2005,Chevrolet,Orange,avtomatski,hibridni,3
1GYS3DEF1BR857182,2010,Saturn,Teal,rocni,bencin,7
3VWF17AT7FM293651,2002,Mercury,Violet,rocni,dizel,1
WBAYB6C55ED082067,1988,Mitsubishi,Orange,avtomatski,bencin,5
WBAWV5C5XAP075097,2003,Oldsmobile,Goldenrod,avtomatski,bencin,6
JTHBL5EF6F5836755,1987,Mercury,Aquamarine,rocni,zemeljski plin,1
5UXFA13555L788380,2010,Lexus,Pink,avtomatski,dizel,6
SCFBF04B37G253674,1992,Toyota,Turquoise,avtomatski,elektricni,6
WBALL5C53CE533263,1994,Jaguar,Aquamarine,avtomatski,elektricni,3
WAUDFAFLXEN211513,1999,Dodge,Goldenrod,avtomatski,zemeljski plin,4
JH4CU26609C223187,2011,Porsche,Yellow,rocni,elektricni,6
WAUMFBFL6DN186890,1994,Dodge,Yellow,avtomatski,zemeljski plin,5
1G6AD5S33D0374253,2005,Audi,Indigo,rocni,zemeljski plin,3
JA32U2FU5DU500820,1992,Nissan,Goldenrod,avtomatski,hibridni,7
WA1DMAFP2FA807598,2009,Mercedes-Benz,Indigo,rocni,bencin,1
5UXKU2C53F0084984,2006,Subaru,Mauv,rocni,hibridni,4
19VDE1F32DE270606,2000,Chevrolet,Crimson,avtomatski,bencin,6
1G6DW677350504641,2011,Maserati,Fuscia,avtomatski,bencin,6
JTDKDTB34D1366680,1982,Chevrolet,Green,rocni,dizel,2
WP1AE2A27DL520956,2006,Mercedes-Benz,Turquoise,rocni,zemeljski plin,1
WBAVL1C57DV872708,1998,Jaguar,Orange,rocni,zemeljski plin,5
WAUSF98E47A255859,2012,Nissan,Purple,rocni,hibridni,6
2T3BFREV3DW755192,2011,Land Rover,Mauv,avtomatski,zemeljski plin,1
WBAKB4C52CC609723,1997,Lincoln,Puce,avtomatski,hibridni,4
1G6YV36A875086082,2010,Lincoln,Indigo,avtomatski,elektricni,2
YV1382MW9A2177677,2006,Lincoln,Purple,rocni,elektricni,3
WAUKH98E07A142887,2000,Dodge,Khaki,rocni,dizel,4
WP0CB2A81FS147495,2000,Buick,Mauv,rocni,dizel,1
1GYS4AEF3ER080004,1995,Chevrolet,Purple,avtomatski,zemeljski plin,1
3D73M3CL3AG586396,2001,Lamborghini,Orange,rocni,elektricni,2
KMHGH4JH4CU448690,1985,Ford,Indigo,avtomatski,zemeljski plin,7
1FTEW1CM9BK826200,2004,Chevrolet,Orange,avtomatski,hibridni,1
YV440MBM3F1905891,2007,Mazda,Blue,rocni,dizel,6
1GYUKJEF6AR766157,2003,Mercedes-Benz,Blue,rocni,dizel,6
1N4AL3AP8EC368902,1986,Buick,Maroon,rocni,dizel,2
5FRYD3H64GB962944,2009,Honda,Blue,rocni,dizel,5
5TDDW5G16FS471233,2005,Suzuki,Puce,rocni,hibridni,5
WBAVT13556A790437,2006,Ford,Indigo,rocni,elektricni,5
WAUAF78E17A050533,2009,Ford,Aquamarine,rocni,dizel,5
1G4GG5E37DF528935,2006,Ford,Mauv,avtomatski,zemeljski plin,5
JTDBT4K34CL996520,1992,Dodge,Indigo,rocni,hibridni,1
WAUDL64F55N685601,2006,Lotus,Turquoise,avtomatski,elektricni,3
WAUAFAFH8AN055383,2001,Volkswagen,Indigo,avtomatski,dizel,4
3C3CFFBR8FT313503,1983,Mercedes-Benz,Teal,rocni,dizel,6
WP0CA2A87CS008700,2008,GMC,Turquoise,rocni,hibridni,7
3VW4A7AT1CM612366,1988,Volkswagen,Purple,rocni,elektricni,2
1G6AH5R32D0765257,1997,Mitsubishi,Aquamarine,avtomatski,dizel,5
1N4AB7AP7DN587282,1982,Pontiac,Aquamarine,avtomatski,hibridni,5
3N1BC1CP7CK220170,1969,Plymouth,Red,rocni,bencin,3
JN1BY1AR8FM874010,2008,Pontiac,Teal,avtomatski,elektricni,6
JH4CU2F64AC304794,2007,Mitsubishi,Purple,avtomatski,bencin,6
1GD022CGXCZ245141,2002,Kia,Purple,rocni,zemeljski plin,5
WBAYA6C58FG830586,2002,Daewoo,Puce,rocni,bencin,4
2G4WD582161486991,1994,BMW,Khaki,avtomatski,elektricni,5
5TDBY5G14BS947409,2000,Kia,Mauv,avtomatski,dizel,2
JN8AS1MU0AM996867,2002,Volvo,Mauv,avtomatski,dizel,4
SAJWA4DC9AM798190,1996,Pontiac,Indigo,rocni,bencin,1
WAUBGAFB1AN251646,2004,Mercedes-Benz,Red,avtomatski,dizel,4
WAULC58E52A533425,1993,Mitsubishi,Pink,rocni,zemeljski plin,5
WAUEKBFB3BN007547,2009,Suzuki,Maroon,rocni,hibridni,1
JHMFB4F20CS189289,2003,Kia,Violet,avtomatski,bencin,3
2T1BURHE4EC309548,2010,Toyota,Khaki,avtomatski,zemeljski plin,2
1G6AB5SX8E0470972,2010,Mitsubishi,Goldenrod,rocni,elektricni,5
2T1BU4EEXCC336516,2003,Buick,Indigo,rocni,hibridni,7
5N1AA0NC6FN870623,2011,Volvo,Violet,rocni,zemeljski plin,6
YV1940AS2D1316814,2003,Mercury,Maroon,avtomatski,elektricni,7
1G6AK5SX6D0632659,1997,Plymouth,Khaki,avtomatski,dizel,5
1FTEX1CM2BF466337,1992,Toyota,Crimson,rocni,bencin,7
1GYUKGEF5AR195909,1992,Chevrolet,Aquamarine,avtomatski,elektricni,5
JTHBL5EF8F5482995,2008,Mitsubishi,Pink,avtomatski,bencin,5
JN1CV6EK6BM752327,2005,Hyundai,Crimson,rocni,elektricni,3
5UXZV8C51DL498114,2007,Nissan,Teal,avtomatski,zemeljski plin,7
1G6DM8EG0A0772836,2006,GMC,Yellow,rocni,dizel,5
WBA6A0C50ED548317,2007,BMW,Puce,avtomatski,bencin,5
1FTEX1CM8BK689876,2003,Mitsubishi,Mauv,avtomatski,bencin,7
WBABD53425P698261,1999,Ford,Maroon,avtomatski,dizel,1
JN8CS1MW5FM088383,1999,Dodge,Turquoise,avtomatski,bencin,5
JM1BL1K53B1748852,1994,Cadillac,Violet,avtomatski,hibridni,1
JA4AS2AW5AZ029630,1971,Pontiac,Purple,avtomatski,hibridni,5
JTJBM7FX9E5546684,2004,Volvo,Turquoise,avtomatski,bencin,6
1GD010CG2BF799734,1991,Mercedes-Benz,Aquamarine,rocni,bencin,4
5TDDK3DC2FS998773,2007,Mercury,Red,rocni,elektricni,5
1G6DG8E33E0476588,2009,Acura,Violet,avtomatski,hibridni,2
WBABN33461J632827,2006,BMW,Aquamarine,avtomatski,elektricni,5
1B3CB1HA8BD541904,1993,Volkswagen,Blue,avtomatski,zemeljski plin,4
WAUGGBFC0CN036802,2002,Dodge,Indigo,rocni,hibridni,5
5XYKT3A13CG962963,1990,Mitsubishi,Maroon,rocni,dizel,7
SCBZB25E02C449684,1999,Chevrolet,Turquoise,avtomatski,zemeljski plin,2
KMHTC6ADXDU828866,1993,Mitsubishi,Crimson,rocni,hibridni,2
3FADP4AJ5FM549605,1992,Isuzu,Indigo,rocni,zemeljski plin,3
JN8AZ2NCXC9347946,2006,Pontiac,Indigo,avtomatski,hibridni,2
5GADT13S872028804,2005,Maserati,Red,avtomatski,bencin,6
3LN6L2G92ER169683,1988,Ford,Orange,rocni,dizel,2
JA4AS2AW7CU868243,1987,Lamborghini,Puce,rocni,bencin,7
JN1CV6EK1FM280642,2000,Ford,Blue,rocni,zemeljski plin,5
5TDDK3DCXFS946761,2004,Ford,Crimson,avtomatski,elektricni,5
JTHFF2C22E2827347,1995,Mitsubishi,Aquamarine,rocni,hibridni,2
1GYFK63888R952299,2001,Ford,Green,rocni,bencin,1
2FMDK4AC4AB384417,2002,Acura,Yellow,rocni,zemeljski plin,5
KL4CJFSB7DB322523,1992,Dodge,Puce,rocni,elektricni,4
3FAHP0GA3AR145294,1993,Mazda,Orange,rocni,zemeljski plin,6
1G6DG1E30E0979664,2004,Scion,Mauv,rocni,elektricni,3
KMHGH4JH1EU532243,1997,Volkswagen,Purple,rocni,elektricni,6
1D7CW5GK5AS133851,2000,Toyota,Fuscia,avtomatski,hibridni,4
1VWAH7A36DC704610,2010,Cadillac,Aquamarine,avtomatski,dizel,5
WVGEP9BP5FD978684,2009,Saturn,Blue,avtomatski,elektricni,1
WBAYP1C55FD954091,1993,Volkswagen,Khaki,rocni,zemeljski plin,6
1ZVBP8AM4D5141485,2009,Lexus,Aquamarine,avtomatski,dizel,2
5XYKT3A14CG219518,2007,Lincoln,Green,rocni,bencin,2
WAUML44E05N402873,2012,Jeep,Turquoise,avtomatski,bencin,1
1D7RV1GP2AS688094,2011,Mercedes-Benz,Pink,rocni,elektricni,1
WDDGF4HB9CR547039,2009,Hyundai,Blue,rocni,elektricni,5
WAUEF98E08A724315,1965,Pontiac,Purple,avtomatski,hibridni,7
2T2BC1BA2FC348954,1994,Chevrolet,Khaki,avtomatski,bencin,3
3C6JD6DK1CG204837,2000,Lotus,Teal,rocni,hibridni,1
JA32U1FUXBU547459,2002,Dodge,Mauv,avtomatski,dizel,7
4A31K3DT9AE543370,2003,Toyota,Red,rocni,hibridni,3
SCBZU25E41C044601,1986,Honda,Orange,avtomatski,hibridni,7
WAUKG78EX6A348708,1987,Ford,Mauv,rocni,dizel,1
WAUAKAFB3BN822307,2001,GMC,Khaki,rocni,elektricni,5
19UYA42681A309236,1993,Mitsubishi,Violet,rocni,dizel,6
WBA3B9C55EP761699,2005,GMC,Puce,avtomatski,hibridni,5
5FRYD3H98GB338686,2001,Audi,Fuscia,avtomatski,dizel,5
WVGAV7AX5CW980865,1993,Lotus,Fuscia,rocni,elektricni,4
1GYFK43579R557493,1994,Toyota,Turquoise,rocni,dizel,4
WAUFGAFB0BN708711,2008,Dodge,Puce,avtomatski,elektricni,3
WAUXL68E25A144835,2007,Infiniti,Maroon,avtomatski,dizel,6
YV426MDA5F2835636,2009,Ford,Purple,rocni,hibridni,2
WBABS53401J697614,2005,Cadillac,Puce,rocni,elektricni,3
SCBCR7ZA3AC099696,1995,Mitsubishi,Puce,rocni,dizel,7
WAU3FAFR4DA984712,2006,Lexus,Mauv,rocni,elektricni,3
1G4GH5G37DF196098,2007,Hyundai,Fuscia,rocni,elektricni,2
3GYFNCE32CS959987,2012,Mazda,Maroon,avtomatski,hibridni,3
19UUA66227A810164,2010,Nissan,Indigo,rocni,dizel,1
2HNYD2H64CH109583,1986,Mercury,Puce,avtomatski,zemeljski plin,6
WBADR63401G831481,1997,Chevrolet,Puce,rocni,zemeljski plin,7
1N6AA0CJ3FN956006,2000,Dodge,Orange,rocni,zemeljski plin,6
WBA6B4C52FD230768,2009,Volkswagen,Green,avtomatski,hibridni,4
JN1AZ4EH1FM765755,2009,Aston Martin,Purple,avtomatski,zemeljski plin,5
WAU2GBFC7DN984934,2009,Dodge,Yellow,avtomatski,zemeljski plin,5
WBAUP9C55BV610536,1978,Toyota,Fuscia,rocni,bencin,4
1D7RE3GK5AS476497,2008,Hyundai,Yellow,avtomatski,bencin,2
WAUSH78E38A621892,2005,Aston Martin,Pink,rocni,elektricni,1
WAUVT68E65A610872,1992,Ford,Crimson,avtomatski,elektricni,6
WBAKB83569C764534,1998,Oldsmobile,Purple,rocni,zemeljski plin,7
1FTEW1C81AF079136,2004,Honda,Crimson,rocni,hibridni,5
1G6DA67V390004952,1995,Toyota,Maroon,avtomatski,dizel,4
JN8AS5MT2AW311268,2012,Jaguar,Maroon,rocni,zemeljski plin,7
SAJWA4DC7CM255634,1998,Toyota,Red,avtomatski,hibridni,6
WVWAP7AN8EE351154,1997,GMC,Green,rocni,dizel,5
2T1BURHE5EC524209,1998,Plymouth,Maroon,rocni,zemeljski plin,5
1FMCU4K35CK846478,2007,Lamborghini,Fuscia,rocni,elektricni,5
KMHEC4A49DA714730,2000,Chevrolet,Turquoise,rocni,dizel,6
JTDKTUD36ED229956,2011,Nissan,Green,avtomatski,dizel,5
1FTWW3B58AE883026,1994,Audi,Aquamarine,avtomatski,hibridni,6
3VW1K7AJ8FM995290,2005,Pontiac,Puce,rocni,dizel,3
1GD020CG3DZ338394,2012,Chevrolet,Blue,avtomatski,hibridni,7
WBA4C9C59FD720142,2005,Chevrolet,Fuscia,rocni,zemeljski plin,4
WVWBN7AN6FE690796,2000,Isuzu,Blue,avtomatski,bencin,7
1G6DF577790294190,2008,Mercury,Goldenrod,avtomatski,dizel,1
SCBDR33W38C081467,2007,Cadillac,Violet,rocni,elektricni,2
WBSKG9C55DJ319192,1960,Fairthorpe,Orange,avtomatski,zemeljski plin,1
JN1BV7AP6FM729977,1999,Cadillac,Maroon,rocni,zemeljski plin,1
WAUAFAFLXCA564549,2012,Mitsubishi,Aquamarine,avtomatski,zemeljski plin,3
KMHEC4A48DA547812,2011,Ram,Fuscia,avtomatski,hibridni,3
WBAGN63555D982583,2004,Saturn,Khaki,avtomatski,zemeljski plin,5
JTHBL1EF9E5260697,1995,Alfa Romeo,Violet,avtomatski,bencin,2
WDDGF5EB2AA878776,1998,Chevrolet,Purple,rocni,hibridni,2
WBAVA33557K058712,1997,Chrysler,Purple,avtomatski,dizel,3
1GYS3HEF1DR790366,2006,Mercury,Teal,rocni,bencin,4
WBA3N7C53EF797148,1996,Isuzu,Pink,rocni,dizel,3
3VWKZ8AJXBM158332,2010,Honda,Pink,rocni,bencin,3
5N1AA0NE1EN699098,1988,Pontiac,Indigo,avtomatski,hibridni,7
1G4HP54K83U439947,2000,Chevrolet,Orange,rocni,hibridni,6
2T3BF4DV1CW463351,2009,Chevrolet,Maroon,avtomatski,hibridni,5
WA1YD64B24N626447,1992,Chevrolet,Purple,rocni,hibridni,5
3GYFK66N46G802740,2002,Chrysler,Red,avtomatski,bencin,5
1GYS4DEF4DR327367,1967,Pontiac,Purple,rocni,zemeljski plin,4
WBAEN33444E538939,1996,GMC,Pink,avtomatski,elektricni,7
1GD02ZCG1DZ955006,2009,Audi,Khaki,avtomatski,dizel,4
WAUJT68E03A402112,1985,Volkswagen,Goldenrod,rocni,bencin,1
WAURV78T29A361816,2002,Toyota,Crimson,avtomatski,elektricni,7
55SWF4JB4FU688769,2009,Morgan,Maroon,avtomatski,zemeljski plin,4
JN8AE2KP9E9381821,2004,Toyota,Yellow,avtomatski,zemeljski plin,7
1C3CCBAB9DN263598,1999,Saab,Violet,rocni,bencin,7
JN1BJ0HR0EM492623,2006,Acura,Aquamarine,avtomatski,elektricni,3
1C4RDHDG6FC119647,1998,Mercedes-Benz,Teal,rocni,bencin,4
WAUVT58E95A704741,1984,Suzuki,Goldenrod,avtomatski,bencin,2
KL4CJGSB1FB469607,2008,Toyota,Mauv,avtomatski,elektricni,3
WA1CFAFPXBA006112,1996,Honda,Purple,avtomatski,zemeljski plin,5
SCBZB25E02C849695,2008,Chevrolet,Puce,rocni,elektricni,1
JH4CU25639C042845,1994,Dodge,Red,rocni,zemeljski plin,1
4T1BF3EK2AU899503,2009,Dodge,Indigo,avtomatski,dizel,2
1FTWX3A59AE699437,2003,Infiniti,Puce,rocni,elektricni,2
1G6DW67V680719577,2009,Ford,Teal,avtomatski,zemeljski plin,1
KMHHT6KD3EU112218,1999,Pontiac,Goldenrod,rocni,zemeljski plin,7
WBA4A7C55FG298394,1994,Volvo,Puce,avtomatski,zemeljski plin,1
WAUDGAFL2AA505910,1986,Audi,Blue,avtomatski,dizel,2
1FTEW1CW1AF958246,2006,Hyundai,Pink,rocni,zemeljski plin,2
1G6DM57T270843925,2000,Volvo,Goldenrod,avtomatski,bencin,7
1G6DL5EV8A0683838,2009,Kia,Puce,avtomatski,bencin,7
WBAKX8C53BC593538,1997,Chrysler,Pink,avtomatski,hibridni,2
4T3BK3BB9FU963227,2003,Toyota,Purple,avtomatski,bencin,3
3VWPG3AGXAM605808,2004,Suzuki,Crimson,avtomatski,dizel,5
WAUJC68E24A899455,2009,Ford,Goldenrod,avtomatski,dizel,1
WAU2GAFC5FN325652,1992,Suzuki,Green,avtomatski,dizel,1
WAU3GAFR9DA849187,2006,Mercedes-Benz,Teal,avtomatski,dizel,4
WBAEV33484P446348,2011,Tesla,Orange,avtomatski,dizel,6
WAUFL44D32N776938,2003,Mercedes-Benz,Green,avtomatski,dizel,7
KNAFT4A22C5269386,2003,Dodge,Teal,avtomatski,hibridni,2
KMHTC6AD4DU095794,1994,Cadillac,Turquoise,avtomatski,dizel,3
1GD22ZCG8CZ064492,2002,Ford,Green,rocni,elektricni,3
3C3CFFFH7CT352192,1992,GMC,Red,avtomatski,zemeljski plin,7
1G6DL5E37D0816835,1995,Chevrolet,Yellow,rocni,hibridni,4
KNAFU6A23B5850399,2005,Subaru,Red,avtomatski,bencin,2
WBA6B4C54FD960066,2012,Audi,Fuscia,rocni,zemeljski plin,1
2C3CCAJTXCH846224,1985,Subaru,Aquamarine,avtomatski,bencin,5
5GTMNGEE3A8274482,2000,Saab,Blue,avtomatski,zemeljski plin,6
WBAUN935X9V756138,2011,Nissan,Green,avtomatski,hibridni,6
1N6AA0CJXFN871020,2005,Scion,Maroon,rocni,zemeljski plin,7
SCBET9ZA3F8179791,2006,Aston Martin,Indigo,rocni,elektricni,6
3N1CN7AP1DL477423,2010,Chevrolet,Goldenrod,avtomatski,hibridni,4
WA1WMAFP6EA631162,1970,Ford,Aquamarine,rocni,dizel,4
SCBCU8ZA4AC576561,2008,Lincoln,Goldenrod,avtomatski,dizel,3
2C3CDYAG6DH899920,1985,Buick,Red,rocni,elektricni,5
WBAUN13509V825789,2005,Mercury,Fuscia,rocni,zemeljski plin,1
SCFBF03B47G394366,1995,Geo,Teal,avtomatski,dizel,6
WAUUL58E65A082210,2005,Nissan,Goldenrod,avtomatski,elektricni,5
1G6DC1E3XE0890227,1999,Jeep,Puce,rocni,dizel,5
3D73M3CL2BG949269,1992,Geo,Goldenrod,avtomatski,zemeljski plin,1
1GTN1TEH8EZ511560,2009,Volvo,Violet,rocni,hibridni,1
WAUVT54B33N079688,2010,Volvo,Puce,rocni,dizel,4
KMHDB8AE5BU549866,2008,Infiniti,Violet,avtomatski,dizel,7
KM8NU4CC2CU434209,1984,Ford,Green,avtomatski,bencin,2
JN1AV7AR8FM378034,2011,Honda,Pink,avtomatski,hibridni,6
WAUBFAFL2AN647869,2006,Mercedes-Benz,Red,rocni,elektricni,7
1N6AA0EJ0FN475837,1994,Hyundai,Green,avtomatski,zemeljski plin,6
1D7RW2GK5AS053183,2000,Chevrolet,Fuscia,avtomatski,bencin,4
1N6AD0CU6CC155935,2005,Honda,Maroon,avtomatski,elektricni,7
WDDGF4HB4ER254295,2003,Buick,Violet,rocni,hibridni,6
SALAF2D41AA237211,1985,Buick,Crimson,rocni,hibridni,7
1GYS4HEF9CR307184,1995,Infiniti,Teal,rocni,dizel,1
137FA84301E291567,1988,Ford,Maroon,avtomatski,dizel,5
JH4CU2E67AC650484,1990,Mazda,Purple,avtomatski,bencin,4
WAUEFBFL5EA062347,2012,GMC,Teal,avtomatski,hibridni,4
JH4DC43681S914775,1992,Mercedes-Benz,Blue,rocni,zemeljski plin,7
WBA3T1C59EP422071,2008,Saturn,Maroon,avtomatski,dizel,4
1G6DV8EP4B0225518,2002,Nissan,Teal,avtomatski,dizel,1
WBAYA8C59FD404533,1991,Ford,Red,rocni,bencin,5
5FRYD4H25EB153873,2007,Chevrolet,Violet,rocni,elektricni,1
1G6DE5E53D0621553,1997,Dodge,Violet,avtomatski,dizel,7
3FA6P0SU7DR286284,1992,Dodge,Turquoise,rocni,hibridni,7
5FRYD3H90GB438734,2003,Saturn,Orange,rocni,hibridni,5
19UUA65516A158762,1992,Lincoln,Green,rocni,bencin,3
3GYT4LEF3DG920300,2003,Chevrolet,Khaki,rocni,zemeljski plin,1
SAJWA4FB9EL245409,1992,Geo,Turquoise,rocni,hibridni,6
WBAUP3C51BV852608,2007,Cadillac,Khaki,avtomatski,elektricni,4
KMHHU6KJ9FU079147,1997,Mazda,Indigo,rocni,zemeljski plin,4
1C4SDJCT3DC587470,1995,Cadillac,Khaki,avtomatski,dizel,4
1HGCP2F39CA402704,2003,Jeep,Blue,rocni,hibridni,3
WAUWGAFC7EN878142,1991,Mazda,Red,avtomatski,hibridni,7
1B3CC5FB9AN917261,1994,Nissan,Turquoise,rocni,zemeljski plin,6
5FRYD4H88EB784878,2011,Aston Martin,Goldenrod,rocni,elektricni,2
WAUEV74F87N169384,2001,Ford,Goldenrod,rocni,elektricni,2
SCBFR7ZA3DC105644,2004,Lincoln,Turquoise,avtomatski,zemeljski plin,5
SCFFDAAM4DG106214,2012,Ford,Puce,rocni,dizel,5
WBAYE8C5XED729677,2005,Volkswagen,Indigo,rocni,elektricni,6
1C4RDHDG9DC325803,2005,Subaru,Orange,rocni,elektricni,4
SAJWA4EC1EM534515,1995,Honda,Teal,avtomatski,hibridni,3
1GYS4HEF7BR101148,1992,Toyota,Maroon,avtomatski,elektricni,3
1G6DM8EV1A0431525,1988,Ford,Teal,rocni,bencin,1
WAULC58E83A195150,1989,Mercury,Orange,avtomatski,elektricni,7
1N6AA0EK9FN589716,1989,Mazda,Maroon,avtomatski,hibridni,1
WAUGFAFR2AA365121,1993,Ford,Indigo,rocni,elektricni,7
JM1CR2W33A0927009,1993,Chrysler,Mauv,avtomatski,dizel,7
JTDKDTB30C1297338,1992,Buick,Blue,rocni,dizel,1
1FTEX1CWXAF524985,1989,Buick,Violet,rocni,hibridni,5
WBA3X5C55FD574833,1993,Pontiac,Pink,avtomatski,dizel,5
KNADH5A3XB6540176,2001,Toyota,Teal,avtomatski,hibridni,6
WBACN33421L807535,1999,GMC,Yellow,avtomatski,elektricni,2
WBAPM5C53BA491780,2008,Dodge,Yellow,avtomatski,bencin,6
JH4DC54835S768149,2004,Mercury,Turquoise,rocni,bencin,6
WAUDFAFL4EN638962,1993,Lamborghini,Turquoise,rocni,dizel,5
YV126MEC7F1375057,1999,Volkswagen,Blue,rocni,zemeljski plin,4
JM1NC2JF9D0677050,1996,Buick,Violet,rocni,bencin,6
WBSBR93406P644365,2005,Chevrolet,Blue,avtomatski,zemeljski plin,2
2C4JDGAG4CR677091,2011,Scion,Turquoise,avtomatski,bencin,3
WAUMR44E65N660636,2008,Kia,Puce,avtomatski,zemeljski plin,3
1G6DE8EG5A0709826,2012,Nissan,Teal,avtomatski,zemeljski plin,1
2FMGK5B80EB123255,2008,Hyundai,Violet,rocni,bencin,6
1N4AA5AP9AC185553,2007,Lincoln,Yellow,avtomatski,hibridni,6
TRUWT28N641698164,2008,Volkswagen,Teal,avtomatski,zemeljski plin,7
JTDBT4K31B1282774,1997,Ford,Teal,avtomatski,hibridni,5
JTHBB1BA2C2307076,2010,Volvo,Violet,avtomatski,dizel,5
5UXFE8C57AL752651,2000,Toyota,Green,avtomatski,dizel,4
5UXFA13574L547533,1998,Chevrolet,Teal,avtomatski,zemeljski plin,4
WBANB535X6C561458,2007,Ford,Pink,avtomatski,bencin,5
1G6KE54Y61U236348,1994,GMC,Fuscia,rocni,bencin,1
1NXBE4EE3AZ895267,2002,Lexus,Mauv,rocni,bencin,5
5J8TB2H25CA437064,2003,Mercedes-Benz,Red,rocni,zemeljski plin,5
1B3BD4FB3BN554170,1989,Audi,Puce,rocni,bencin,7
NM0AS8F70E1013038,2011,Mercedes-Benz,Purple,avtomatski,dizel,4
WAUAF78E97A248437,2001,Chrysler,Aquamarine,rocni,hibridni,6
WAUJC68E83A518304,1999,Buick,Puce,avtomatski,bencin,1
1G6DP5ED0B0046004,2007,GMC,Purple,avtomatski,bencin,4
KNAFX5A80F5334951,2008,Toyota,Indigo,rocni,dizel,3
WAUDG94F56N834645,2006,Lexus,Green,rocni,hibridni,4
WAUWFAFHXCN305389,1997,Subaru,Pink,avtomatski,dizel,4
1FTFW1E83AF564444,2007,Nissan,Khaki,avtomatski,elektricni,5
1GYFC26269R156309,2004,Dodge,Pink,rocni,hibridni,6
WP1AA2A22BL959555,1994,Chevrolet,Red,avtomatski,bencin,7
3VW1K7AJ0DM007271,2013,Chevrolet,Fuscia,rocni,dizel,4
5FRYD4H89FB278767,2011,Suzuki,Indigo,rocni,bencin,1
1FADP5CU7EL923340,2012,Audi,Red,rocni,elektricni,3
1VWAH7A36EC599472,2005,Kia,Turquoise,avtomatski,elektricni,1
1FMJK1H58CE826955,2004,Pontiac,Maroon,rocni,hibridni,5
JTEBU5JR4D5071388,1994,Toyota,Puce,avtomatski,hibridni,5
WAUFFAFL4DN868928,1993,Mitsubishi,Mauv,rocni,zemeljski plin,2
5N1AL0MMXFC728503,2006,Volkswagen,Blue,rocni,bencin,1
JN8AE2KP3B9230128,1997,Ford,Green,avtomatski,zemeljski plin,4
WAU3FAFR6BA029522,2012,Lexus,Purple,rocni,hibridni,3
4JGCB2FE9AA644819,2004,Cadillac,Crimson,rocni,zemeljski plin,7
WBA5M2C52ED901557,1997,Plymouth,Crimson,avtomatski,elektricni,5
YV1672MW9B2961200,2000,Jaguar,Blue,rocni,hibridni,7
JTDKN3DU1B0743391,2000,Chevrolet,Khaki,avtomatski,zemeljski plin,3
3LNHL2GC2CR590191,1987,Subaru,Puce,rocni,hibridni,1
JM3TB2MA3A0344324,1986,Ford,Khaki,avtomatski,bencin,2
4T1BD1FK3EU508860,1963,Ford,Yellow,rocni,dizel,1
2C4RDGCGXCR779592,2003,Ford,Red,avtomatski,zemeljski plin,1
WA1CFAFP1FA609472,1995,Dodge,Violet,avtomatski,zemeljski plin,2
3VWC17AU4FM746099,1995,Chrysler,Crimson,rocni,bencin,2
1FBNE3BL4BD762325,2008,Scion,Aquamarine,rocni,hibridni,6
WBAEV33473P888293,2009,Volkswagen,Mauv,avtomatski,hibridni,5
JTEBU5JR5B5777573,1992,Ford,Fuscia,avtomatski,dizel,3
5N1AA0NC3FN238095,1999,Dodge,Fuscia,avtomatski,zemeljski plin,5
1N4AB7AP6EN933937,1998,Toyota,Turquoise,rocni,dizel,4
1D7RV1CTXBS675307,2007,Cadillac,Puce,avtomatski,zemeljski plin,2
1G6AJ1R37F0657281,1992,Isuzu,Maroon,avtomatski,zemeljski plin,7
1GYS4AEF4DR742185,2002,Honda,Violet,avtomatski,bencin,4
SCFAB05D29G175916,2000,BMW,Maroon,rocni,bencin,2
1G4CW54K944583750,2012,Cadillac,Puce,avtomatski,zemeljski plin,7
1G6DX67D080315274,2002,Lincoln,Indigo,rocni,zemeljski plin,3
WAUMGBFLXDA315685,2002,Mercury,Red,avtomatski,elektricni,3
1GTN1UEH5EZ888904,2006,Mercedes-Benz,Maroon,avtomatski,dizel,5
1FMJK1H59EE291878,1989,Lexus,Fuscia,rocni,hibridni,1
1G6KD57Y28U500013,2009,Hyundai,Fuscia,avtomatski,dizel,3
WBALW7C58DD849879,1993,Isuzu,Goldenrod,avtomatski,bencin,3
WVWAN7AN1DE249280,1992,Audi,Blue,rocni,hibridni,6
1G6DJ1E34C0391216,2004,Mercury,Indigo,rocni,elektricni,2
3C3CFFFH4ET123312,1994,Toyota,Crimson,avtomatski,zemeljski plin,1
1N6AF0LY1FN276846,2012,BMW,Crimson,avtomatski,elektricni,2
1N6AA0CJ3FN975803,2004,Mercedes-Benz,Goldenrod,rocni,dizel,2
WBA1K5C59FV923153,2011,Jeep,Red,rocni,dizel,7
3C6JD6EP2CG989329,2002,Toyota,Aquamarine,rocni,elektricni,6
5FRYD3H68GB164057,2010,Ford,Mauv,rocni,zemeljski plin,5
WBAKB83589C942895,1978,Plymouth,Purple,rocni,elektricni,2
JHMZF1D49CS380553,1996,Mitsubishi,Khaki,rocni,dizel,5
JTEBU5JR4F5344669,2011,Honda,Khaki,rocni,hibridni,7
19UUA8F28AA303031,2006,Infiniti,Maroon,rocni,dizel,3
4T1BF1FK8EU755267,1997,Audi,Fuscia,rocni,bencin,7
1G6DN57P090147096,1998,Ford,Orange,avtomatski,hibridni,6
WBA3B3C59DF106513,1987,Ford,Blue,rocni,elektricni,4
1D7CE2GK3AS918063,2011,Cadillac,Purple,rocni,hibridni,7
1FTMF1CW6AF844660,2011,Land Rover,Blue,rocni,dizel,2
1GYFK13289R893514,1985,Mitsubishi,Indigo,rocni,dizel,2
3C6TD4HT2CG741636,1998,Isuzu,Green,avtomatski,elektricni,5
1G6DF8EY2B0379554,2008,Honda,Purple,avtomatski,hibridni,5
JH4KC1F52FC866703,1976,Toyota,Turquoise,avtomatski,zemeljski plin,5
JA4AD3A39FZ047450,2005,Pontiac,Purple,rocni,hibridni,6
WBA3F9C56DF544865,1998,Volkswagen,Khaki,rocni,bencin,4
3C3CFFJH0FT867885,2009,Chevrolet,Maroon,rocni,zemeljski plin,7
2G4WY55J411539899,1998,Ford,Pink,rocni,dizel,2
WBAEP33404P386883,2002,Pontiac,Blue,avtomatski,elektricni,6
KL4CJFSB0FB953584,2006,Subaru,Puce,rocni,zemeljski plin,5
1D7RE3GK2BS988302,2008,Dodge,Crimson,rocni,elektricni,4
2C3CA3CV5AH726327,2001,Chevrolet,Pink,rocni,zemeljski plin,2
WAU3GAFR5EA062061,1992,Audi,Goldenrod,rocni,hibridni,2
YV1612FH4E1234363,2012,Maybach,Goldenrod,avtomatski,elektricni,5
1D4RD2GG6BC530939,1994,Volvo,Blue,rocni,zemeljski plin,4
5GAKVCED1CJ697797,2004,Scion,Maroon,rocni,zemeljski plin,3
WBSWL93559P128843,2012,Chevrolet,Red,rocni,bencin,5
KNAGM4A72B5908815,1997,Land Rover,Khaki,rocni,dizel,2
3C3CFFARXDT850758,1953,Chevrolet,Teal,avtomatski,zemeljski plin,1
WAUPFAFM3CA491463,2002,Acura,Goldenrod,avtomatski,hibridni,3
1FTEW1C83AF684758,2003,GMC,Crimson,avtomatski,zemeljski plin,6
3VW4A7ATXDM055412,2011,Porsche,Purple,rocni,elektricni,4
1FMCU4K31BK729642,1997,Mitsubishi,Purple,avtomatski,zemeljski plin,5
5NPDH4AE4CH809598,2009,Lexus,Orange,rocni,elektricni,1
5UXFA93566L493613,1996,Saturn,Crimson,rocni,elektricni,6
19XFB4F30EE611352,1995,Mercedes-Benz,Aquamarine,avtomatski,hibridni,1
JN1CV6FE4FM548608,2002,Mitsubishi,Mauv,rocni,elektricni,6
WDDHH8JB0FB449840,2006,Chevrolet,Pink,avtomatski,hibridni,5
1G6AB5SA7F0180865,2010,Dodge,Yellow,rocni,hibridni,6
WAUHF68P86A066706,2003,Mercedes-Benz,Turquoise,rocni,zemeljski plin,7
WAUMFAFL0AN732623,2010,Volkswagen,Violet,rocni,zemeljski plin,6
WAU3VAFR6AA949748,2012,Land Rover,Khaki,rocni,bencin,2
5TDDCRFH5FS203689,1999,Audi,Puce,rocni,bencin,3
WAUHGAFCXDN915546,2013,Hyundai,Goldenrod,avtomatski,hibridni,3
19UYA42672A940044,2011,Dodge,Goldenrod,avtomatski,hibridni,4
2FMHK6DC6AB312627,1994,Buick,Turquoise,rocni,dizel,2
WVGAV7AX1CW596632,1994,Chevrolet,Orange,rocni,bencin,1
WA1YD54B04N521657,2002,Ford,Orange,rocni,dizel,1
WBAUN9C53AV109794,2010,Ferrari,Indigo,rocni,dizel,3
1G6YV36A495550682,2006,Kia,Aquamarine,rocni,hibridni,4
1N4AL3AP8DC422181,1996,Ford,Violet,avtomatski,bencin,2
5UMDU93436L985177,1999,Isuzu,Teal,rocni,bencin,5
55SWF4JB3FU512389,2006,Mitsubishi,Maroon,avtomatski,elektricni,7
JM1BL1K50B1025797,1999,Infiniti,Indigo,avtomatski,zemeljski plin,7
1G6DH1E36E0563292,1967,Pontiac,Green,avtomatski,dizel,5
3D7TT2HT5BG055479,2008,Volvo,Turquoise,avtomatski,bencin,4
WBAKF5C59DJ459844,1997,Dodge,Purple,avtomatski,elektricni,3
3D73Y4CL0AG029035,2002,Buick,Mauv,rocni,elektricni,4
JTDJTUD34ED272008,2009,Hummer,Pink,avtomatski,zemeljski plin,7
TRUSX28N711781259,2012,Honda,Maroon,avtomatski,hibridni,7
WBAEJ13412A755790,1986,Volkswagen,Crimson,avtomatski,elektricni,3
JTEBU5JR7C5324007,2000,Mitsubishi,Goldenrod,avtomatski,elektricni,7
WBAVT735X7F181772,1995,Toyota,Pink,avtomatski,dizel,2
WAUHMAFC0EN883491,1985,Pontiac,Purple,rocni,zemeljski plin,5
WBASP4C51CC178728,2003,Dodge,Violet,rocni,elektricni,6
1N6AA0CC9CN247397,1997,Jaguar,Green,avtomatski,hibridni,7
5NPDH4AEXFH479714,1985,Mitsubishi,Blue,avtomatski,elektricni,4
5GADT13SX72385904,1996,Mercedes-Benz,Maroon,rocni,bencin,1
1FTSX2A57AE479951,1995,Hyundai,Crimson,rocni,zemeljski plin,6
3VW4S7AT6EM603808,2008,Hummer,Orange,rocni,bencin,1
1G4GA5GR8FF992466,1984,Pontiac,Yellow,rocni,bencin,2
3VW8S7AT9FM230976,2011,MINI,Red,rocni,zemeljski plin,6
4USDU53598L749216,2002,Chevrolet,Blue,rocni,dizel,1
JN8AS5MT3CW854678,1997,Honda,Red,avtomatski,zemeljski plin,3
SALFR2BGXDH011657,2007,Honda,Red,avtomatski,hibridni,4
JN1CV6EK1DM491787,1990,Ford,Pink,rocni,hibridni,5
WA1EY74L39D985311,1994,Dodge,Aquamarine,avtomatski,zemeljski plin,3
WBAXH5C52DD428014,1993,Eagle,Violet,rocni,zemeljski plin,7
WBALW7C5XCC887134,1995,Alfa Romeo,Fuscia,avtomatski,zemeljski plin,4
WBADT53402C229314,1994,Ford,Teal,avtomatski,zemeljski plin,7
WAUJC68EX2A829182,1995,Mitsubishi,Blue,avtomatski,elektricni,1
1HGCP2E88AA378101,2006,BMW,Teal,rocni,dizel,5
19UYA42691A281740,2005,Pontiac,Fuscia,avtomatski,zemeljski plin,5
SAJWJ1CD2F8084507,2012,Subaru,Maroon,rocni,dizel,1
19XFB4F23FE589095,2004,Ford,Violet,avtomatski,elektricni,4
1G6DR57V280779518,2008,Pontiac,Violet,avtomatski,elektricni,7
1GYS4EEJ0BR182187,1969,Chevrolet,Purple,avtomatski,hibridni,3
WAUAH74F39N587859,2010,Ford,Blue,rocni,bencin,6
WAUUFAFH7BN427018,2007,Ford,Violet,rocni,zemeljski plin,4
WA1YD64BX5N282559,2004,Chrysler,Green,avtomatski,zemeljski plin,6
1G4GD5EG8AF023784,1993,Oldsmobile,Khaki,avtomatski,elektricni,3
3VW467AT3CM518507,1986,Ford,Green,avtomatski,hibridni,6
1ZVBP8JS5B5719444,2007,Toyota,Teal,rocni,hibridni,6
1G6DP57V280523546,2006,Dodge,Indigo,avtomatski,hibridni,6
2C3CA7CW8AH018685,1991,Mercedes-Benz,Turquoise,avtomatski,zemeljski plin,5
1GTN2TEH4FZ267212,1995,Land Rover,Red,rocni,bencin,4
WAUKF98E28A114175,1985,Chevrolet,Blue,avtomatski,dizel,5
JTEBU4BF2BK923623,1992,Subaru,Blue,rocni,dizel,4
SCFAD01A47G045252,2012,Lexus,Violet,avtomatski,hibridni,1
WBAKG7C55DJ310744,1994,Acura,Pink,rocni,zemeljski plin,1
JN1CV6EK2CM328712,2008,Honda,Teal,rocni,zemeljski plin,5
WBA3V5C54EJ022214,2007,Buick,Red,rocni,elektricni,6
WBAEK13496C773400,2004,Suzuki,Aquamarine,rocni,hibridni,6
WBANU53559C709031,2003,Infiniti,Red,rocni,zemeljski plin,7
JH4CL95867C885562,1991,Ford,Green,avtomatski,hibridni,7
1GKMCCE34AR660038,1988,Porsche,Khaki,avtomatski,zemeljski plin,5
3FADP4AJ5CM285653,2000,Acura,Orange,avtomatski,hibridni,6
WAUMK98K79A091357,2006,Kia,Violet,rocni,dizel,5
1GD022CG9CZ217461,2011,Volkswagen,Maroon,avtomatski,dizel,6
1C3CC5FB7AN931811,1999,Volvo,Aquamarine,rocni,dizel,1
WAUEFBFL9EN406707,2001,Suzuki,Orange,avtomatski,bencin,2
JA4AP3AU2CZ238266,2008,Volkswagen,Puce,rocni,dizel,1
1FTSX2A55AE434555,1993,Nissan,Aquamarine,avtomatski,dizel,2
WAUFFAFLXCN273340,2005,Pontiac,Indigo,avtomatski,hibridni,6
WBABW33464P807124,2000,Infiniti,Yellow,avtomatski,hibridni,4
WAUEF98E08A649289,2008,Jaguar,Green,avtomatski,elektricni,7
3LN6L2LU5ER462102,1964,Chevrolet,Red,rocni,bencin,7
SCBBP9ZA6BC632395,1998,Toyota,Khaki,avtomatski,hibridni,2
WBA4A7C57FD472600,2005,Saturn,Blue,avtomatski,bencin,4
SAJWA4DC1FM885766,2004,Ford,Goldenrod,rocni,dizel,3
3C4PDCDG4ET111446,2009,Mazda,Goldenrod,rocni,elektricni,3
1G6AZ5S38F0618693,1994,Chevrolet,Purple,rocni,zemeljski plin,6
2T1BU4EE1CC585643,2005,Hyundai,Puce,rocni,dizel,2
JN1AZ4EHXBM614357,2011,Buick,Purple,rocni,hibridni,5
2T1BURHE3FC743896,1983,Pontiac,Yellow,avtomatski,dizel,6
2G61S5S37F9784004,2010,Volkswagen,Crimson,rocni,hibridni,4
KL4CJHSB1EB045509,2008,Jaguar,Yellow,avtomatski,elektricni,1
JH4KB16527C829932,2006,BMW,Purple,avtomatski,elektricni,7
5N1AR1NB0BC685740,1998,Ford,Puce,rocni,hibridni,7
1GYS3DEF6CR228387,1995,Mitsubishi,Indigo,rocni,hibridni,5
1FTNX2A53AE766183,2004,Mitsubishi,Aquamarine,rocni,elektricni,1
JN8BS1MW8EM303992,1990,Pontiac,Pink,rocni,bencin,6
3N1CN7AP0EL199423,2010,Maybach,Blue,avtomatski,dizel,4
5J6TF3H39CL383333,2009,Chevrolet,Pink,avtomatski,dizel,5
1G6DJ5EV6A0608478,2012,BMW,Green,rocni,elektricni,1
JN8AS1MU9AM458460,2001,Acura,Maroon,rocni,dizel,2
1FMCU5K34AK710247,1994,Mercury,Violet,rocni,dizel,4
SALWR2VF9FA670795,2008,Dodge,Orange,rocni,dizel,2
4A31K5DFXCE465495,2012,Volkswagen,Purple,rocni,hibridni,4
WBA5A5C50ED710116,1979,Nissan,Khaki,avtomatski,zemeljski plin,2
WBSWD93518P763845,2007,Saturn,Red,avtomatski,elektricni,5
5GNRNHEE6A8599730,2012,Nissan,Yellow,rocni,zemeljski plin,7
1HGCR2F39FA102031,2003,Lexus,Violet,avtomatski,hibridni,2
KMHEC4A44FA622248,1995,Jeep,Maroon,rocni,bencin,7
WAUGGBFC5CN816925,2003,Nissan,Maroon,rocni,hibridni,4
3C6TD5GT7CG570101,2000,Buick,Fuscia,avtomatski,dizel,1
WBAUN93528V294690,1996,Mitsubishi,Teal,avtomatski,hibridni,6
JN8AS5MT4FW098976,1989,Mazda,Maroon,rocni,dizel,4
KMHFG4JGXDA274441,1996,Hummer,Maroon,rocni,hibridni,7
WAUHGAFC5FN062380,2006,Aston Martin,Pink,avtomatski,hibridni,7
WAUFFAFL2BN947785,2007,Isuzu,Blue,avtomatski,hibridni,3
WAUKGAFB3AN229633,2005,Suzuki,Indigo,rocni,hibridni,4
2G4GY5GV3B9024853,2006,Chevrolet,Violet,avtomatski,hibridni,3
3GYFNBE34FS272105,2007,Mercury,Teal,avtomatski,hibridni,4
5TFBY5F12AX385438,1993,Land Rover,Teal,rocni,bencin,7
JM1CR2W30A0123783,2011,Honda,Khaki,avtomatski,bencin,6
WA1BY74LX8D140909,2002,Volkswagen,Puce,avtomatski,zemeljski plin,2
WAUWFAFH7BN719759,2000,Lexus,Teal,avtomatski,zemeljski plin,3
SALFP2BN7AH471617,1996,Mazda,Fuscia,avtomatski,elektricni,7
WBAPM7C5XAE523188,1992,Mercury,Crimson,rocni,hibridni,3
JTHBE1D27E5095516,2001,Lexus,Puce,rocni,zemeljski plin,5
JTHBL5EF4F1492849,1998,Ford,Aquamarine,rocni,elektricni,7
JHMFA3F2XBS061167,1989,Mercedes-Benz,Purple,avtomatski,bencin,7
WAUMR94E48N705607,1993,Infiniti,Orange,rocni,elektricni,2
1G4HR57YX6U082155,2012,Toyota,Red,avtomatski,elektricni,2
1D4PU7GX3BW220668,1995,Dodge,Pink,avtomatski,zemeljski plin,7
YV4960DL3A2827486,2010,Chevrolet,Crimson,rocni,bencin,2
3D7JV1EP3BG151730,1998,Mitsubishi,Teal,avtomatski,hibridni,2
1G4HG5EM0AU528926,1999,Dodge,Teal,rocni,hibridni,5
WP1AA2A23BL207315,2005,Suzuki,Green,rocni,elektricni,5
WAU4FAFL7AA070174,2003,Suzuki,Maroon,rocni,elektricni,3
WAUVT68E12A798843,1993,Lexus,Purple,rocni,elektricni,2
WAUVFAFHXBN207277,2010,Bentley,Pink,avtomatski,bencin,7
1G4HR54K45U341298,2001,Ford,Pink,avtomatski,dizel,7
1FTEX1EW2AF642347,2005,Hyundai,Goldenrod,rocni,dizel,7
JTDKN3DU0A0668522,1999,Saturn,Teal,avtomatski,dizel,4
1GTN1TEX4CZ473622,2004,Chevrolet,Orange,avtomatski,hibridni,5
JM3KE2BE9F0250884,1986,Volkswagen,Crimson,avtomatski,hibridni,5
3VW467AT4DM116643,2006,Subaru,Violet,rocni,bencin,1
JN1BJ0HP2FM122158,1999,GMC,Indigo,rocni,dizel,3
2T1KE4EEXBC209213,1989,CitroÃ«n,Khaki,avtomatski,bencin,2
WAUBF78EX7A056299,2005,Volkswagen,Goldenrod,avtomatski,hibridni,2
WAUEFBFL0AN772212,2001,Volkswagen,Fuscia,rocni,hibridni,5
1N6AF0LY0FN077819,2009,Bentley,Turquoise,avtomatski,hibridni,2
WAU4FAFL5BA649830,2001,Volkswagen,Goldenrod,avtomatski,hibridni,3
3D7TP2CTXAG635675,2008,Land Rover,Indigo,rocni,dizel,3
2G4WF521231095788,1997,BMW,Maroon,avtomatski,dizel,5
1B3CB8HB5BD306572,2004,Volkswagen,Aquamarine,avtomatski,zemeljski plin,6
WAU3FAFR6AA968829,2011,Ford,Blue,rocni,bencin,1
1J4NF1FB9BD618958,2001,Mitsubishi,Goldenrod,rocni,dizel,1
WBSWD93529P575921,1998,Mazda,Aquamarine,avtomatski,zemeljski plin,2
3C6TD5GT3CG555711,1993,Mercedes-Benz,Puce,rocni,dizel,3
WBA3R5C5XFF839230,1995,Dodge,Blue,avtomatski,bencin,7
JM1GJ1T54E1178827,2006,Dodge,Puce,avtomatski,zemeljski plin,7
WBAUP9C57BV923541,1994,Ford,Turquoise,avtomatski,zemeljski plin,2
WA1C8BFP2FA623669,1999,Chevrolet,Goldenrod,rocni,elektricni,6
4A37L2EF6AE553218,1975,Pontiac,Violet,rocni,hibridni,7
WBA3C1C54FP249142,2011,Aston Martin,Goldenrod,avtomatski,hibridni,6
5LMJJ3J59CE018204,1990,Mitsubishi,Mauv,rocni,bencin,6
WAUNF98P17A989700,1996,GMC,Fuscia,rocni,elektricni,7
1N6AA0CC5AN642352,2011,Dodge,Khaki,avtomatski,dizel,5
1GYFC53269R202467,1992,Ford,Violet,rocni,bencin,4
1C3CDWDA8CD339632,1993,Dodge,Fuscia,avtomatski,hibridni,1
2G61N5S34F9629000,2003,Mercury,Aquamarine,avtomatski,elektricni,2
5UXFG2C5XBL772546,2008,Mercedes-Benz,Green,avtomatski,zemeljski plin,3
WVWBB7AJ4DW189516,1992,Oldsmobile,Khaki,avtomatski,elektricni,6
2T1BURHE9FC778362,2005,GMC,Teal,avtomatski,elektricni,4
5FRYD4H40FB190493,1996,Volkswagen,Khaki,avtomatski,bencin,5
1G6DD1E38E0390967,2008,Saturn,Goldenrod,avtomatski,bencin,7
WP0AA2A95BS437347,1995,Chevrolet,Goldenrod,rocni,dizel,6
5FNRL5H2XFB686608,2006,Suzuki,Green,avtomatski,zemeljski plin,4
WBAKB0C58CC746626,1997,Audi,Turquoise,rocni,elektricni,6
5GADX23L75D705278,2007,Mercedes-Benz,Mauv,avtomatski,hibridni,2
WBA3V7C53FP056994,2004,Pontiac,Violet,rocni,bencin,1
5NPE24AF8FH538368,1991,Pontiac,Maroon,rocni,bencin,6
4T1BK1EB2FU139076,2004,Lincoln,Orange,avtomatski,elektricni,4
1G4GE5G39FF488900,1995,GMC,Indigo,avtomatski,zemeljski plin,2
SAJWA4DC2CM720563,1994,Mitsubishi,Goldenrod,avtomatski,zemeljski plin,3
1GD02ZCG0BF923212,1991,Buick,Orange,avtomatski,hibridni,1
1C3CDWBA8CD816191,2003,Chevrolet,Red,rocni,hibridni,1
WBAGN63554D638752,1997,Geo,Aquamarine,rocni,zemeljski plin,7
JN8AZ2KR1BT839193,2007,Mitsubishi,Pink,rocni,bencin,7
WVGAV7AX1AW005597,1995,Pontiac,Violet,avtomatski,dizel,7
1G4CU541034672778,1998,Dodge,Puce,avtomatski,bencin,3
3C4PDCDG1CT993494,2000,Cadillac,Yellow,rocni,dizel,2
SCFEDEANXCG721988,1999,GMC,Khaki,avtomatski,zemeljski plin,6
WAUKFAFL6CN859760,2004,Suzuki,Violet,rocni,bencin,2
2G4GT5GX1F9895515,1992,Mercedes-Benz,Aquamarine,rocni,elektricni,4
4T1BK1EB1FU943336,2000,Plymouth,Khaki,avtomatski,bencin,6
1FTEX1EW8AF429239,2012,Volkswagen,Green,rocni,dizel,5
1N4AA5AP9EC844267,2010,Volkswagen,Purple,rocni,hibridni,7
WAU4GAFB7AN086310,2011,Hyundai,Orange,rocni,hibridni,2
2G4WD582771688784,1995,Pontiac,Violet,rocni,zemeljski plin,2
WA1WYAFE2AD946892,2012,Audi,Purple,avtomatski,bencin,3
WP1AA2AP1AL890965,2012,Toyota,Purple,rocni,zemeljski plin,2
KNALN4D75E5742916,1995,Toyota,Blue,avtomatski,bencin,7
SALGS2EF8EA193008,2003,Dodge,Pink,avtomatski,zemeljski plin,4
WP0CA2A82DK984353,1993,Buick,Red,rocni,dizel,1
WDDEJ7KB2AA949738,1986,Buick,Blue,rocni,zemeljski plin,7
WBAVC73567A840640,1995,Dodge,Violet,avtomatski,hibridni,2
1D4PU7GXXBW580522,1993,Dodge,Fuscia,avtomatski,dizel,3
SCBLF34F62C676047,2003,Audi,Red,avtomatski,hibridni,2
1FMJK1H52EE279295,1989,Suzuki,Turquoise,rocni,elektricni,7
WAUDFAFCXEN794827,2004,Chrysler,Indigo,avtomatski,dizel,3
5UXFA13586L677226,1990,Suzuki,Red,avtomatski,dizel,2
WBAYA8C51FG323041,2000,Mazda,Crimson,rocni,elektricni,3
KNADM5A35D6032888,1990,Saab,Turquoise,rocni,zemeljski plin,7
SCFEBBCF7CG250652,2010,Toyota,Green,rocni,dizel,7
2HNYD2H88CH543619,2008,Infiniti,Mauv,avtomatski,bencin,4
WDCGG5GB6AF520484,1992,GMC,Yellow,avtomatski,zemeljski plin,2
1D7CW5GK8AS662033,2012,Nissan,Aquamarine,rocni,hibridni,6
5UXFA53593L185789,2008,Mercedes-Benz,Mauv,avtomatski,bencin,6
WBA3C1C57FK480579,2002,Mercedes-Benz,Khaki,avtomatski,hibridni,7
WBAPK5C56BF522030,2008,Honda,Mauv,rocni,elektricni,1
5N1CR2MN7EC995429,2006,GMC,Indigo,avtomatski,zemeljski plin,4
WBA1F7C56FV334707,2003,Infiniti,Pink,rocni,hibridni,2
2G4GS5ER8D9069152,2000,Cadillac,Aquamarine,rocni,bencin,5
1G4CU541514163086,1992,Acura,Goldenrod,avtomatski,zemeljski plin,2
1N6AD0CU3EN454287,2011,BMW,Pink,rocni,bencin,1
1G6AL5SX3D0920989,2012,Dodge,Orange,avtomatski,elektricni,7
WAUDG94F45N622544,1999,GMC,Yellow,rocni,bencin,3
1FTFW1E85AF241125,2008,Hyundai,Goldenrod,avtomatski,hibridni,4
WBAEA53549C456129,1993,Saab,Violet,rocni,elektricni,3
WBABS53481E799624,1992,Chevrolet,Crimson,rocni,bencin,7
1N6AA0EC1FN470079,2009,Volkswagen,Khaki,rocni,dizel,4
YV126MFJ7F1616256,1993,Mazda,Red,avtomatski,dizel,2
WBAWC33588P796250,1994,Mazda,Mauv,avtomatski,elektricni,3
1G6AZ5SXXE0324391,1990,Acura,Indigo,avtomatski,bencin,3
JN8AZ2KR9BT117891,2000,Oldsmobile,Yellow,avtomatski,zemeljski plin,5
JM1NC2JF5D0061507,2002,Buick,Turquoise,rocni,zemeljski plin,1
WA1MKAFP1AA414500,1984,Pontiac,Pink,avtomatski,bencin,5
1G6AX5S31E0078141,1996,Chrysler,Puce,avtomatski,bencin,4
1C4RDHAG1EC925561,2003,Ford,Yellow,rocni,dizel,2
2C3CCAST7CH631091,2006,Suzuki,Crimson,rocni,dizel,2
JTEBU4BF3AK036028,2009,Chevrolet,Maroon,rocni,dizel,6
5UXFA93505L712760,2004,GMC,Turquoise,avtomatski,hibridni,1
1FMCU0D78AK243479,2004,Lexus,Mauv,avtomatski,zemeljski plin,6
WAUEF78E68A532174,2006,GMC,Turquoise,avtomatski,hibridni,1
WAUHF78P08A226201,2012,Audi,Red,rocni,dizel,3
WAUFFAFM8CA569635,1993,Buick,Khaki,avtomatski,zemeljski plin,7
1C4RDJEG0CC700305,1987,Audi,Turquoise,rocni,bencin,2
JN8AZ2KR1CT793687,1988,Pontiac,Red,rocni,dizel,4
1GYS3BEF2DR452522,1993,Mercedes-Benz,Orange,avtomatski,hibridni,3
1C3BC5ED9AN204068,2002,Audi,Red,avtomatski,elektricni,3
WAUMGBFL2BA733980,2010,BMW,Red,avtomatski,zemeljski plin,5
WAUFGAFB4AN025473,2008,Porsche,Red,avtomatski,zemeljski plin,7
1N6AF0LY9EN754476,1992,Mazda,Blue,rocni,bencin,5
WAUJC58E92A076674,1993,GMC,Purple,rocni,hibridni,7
5N1BA0ND1FN576785,2004,Mercedes-Benz,Puce,avtomatski,elektricni,7
1FTEX1CM8BF759143,1994,Ford,Red,avtomatski,bencin,1
WBS3C9C57FJ166351,2010,Mercedes-Benz,Maroon,rocni,elektricni,5
3VW1K7AJXCM389548,1994,Oldsmobile,Red,rocni,elektricni,4
WA1TFAFL7EA161265,2002,Ford,Pink,avtomatski,elektricni,2
WBA3A9G57DN132131,2005,Ford,Puce,rocni,hibridni,2
1G4GB5GR2FF549792,1997,Buick,Blue,avtomatski,elektricni,4
WBAEK734X4B722042,1994,Mazda,Crimson,rocni,elektricni,4
WBA3V5C53FP733594,1994,Dodge,Aquamarine,rocni,hibridni,6
WAUYGAFC5CN313555,2006,GMC,Violet,rocni,elektricni,6
1GT022CG9EF161501,2012,Volkswagen,Khaki,avtomatski,zemeljski plin,6
JHMGE8G36BS174921,2008,Toyota,Fuscia,avtomatski,hibridni,6
1C3CDFCB9FD881806,2003,BMW,Fuscia,rocni,hibridni,2
1G6DM1ED9B0030188,1995,Suzuki,Crimson,avtomatski,elektricni,1
2D4RN6DX2AR384909,1985,Ford,Maroon,avtomatski,zemeljski plin,1
5LMJJ2H5XAE074827,1996,Ford,Green,rocni,dizel,6
JTHKD5BH4B2911418,2004,BMW,Red,avtomatski,elektricni,3
1GYS4LKJ2FR017997,1998,Nissan,Violet,rocni,bencin,6
JN8AF5MR5CT727392,2004,BMW,Blue,avtomatski,bencin,3
WP0AA2A93BS144689,1995,Volkswagen,Puce,avtomatski,hibridni,1
1FTWX3B57AE807245,1989,Pontiac,Blue,avtomatski,elektricni,4
1FTWF3C59AE137943,2011,Ram,Blue,rocni,dizel,6
1G6DA67V380813933,2002,Mazda,Teal,rocni,dizel,6
1YVHZ8AH4A5977622,2006,Hummer,Puce,avtomatski,bencin,4
2G4WD582X91154066,2008,Jeep,Goldenrod,rocni,dizel,2
1C3BC4FB2BN649602,2009,Nissan,Purple,rocni,dizel,7
JH4CU2F65AC333012,1998,Buick,Violet,rocni,bencin,2
WAUZL54B61N841541,2000,BMW,Turquoise,avtomatski,hibridni,3
WAUYGAFC9CN000735,2003,Dodge,Maroon,avtomatski,elektricni,5
WBADS33483G805703,1989,Ford,Yellow,rocni,elektricni,2
1FTWF3A58AE294415,1998,Mercury,Orange,rocni,bencin,3
JM3TB2BA9D0907920,2010,Volvo,Teal,rocni,hibridni,5
1G6AU5S85F0647210,2005,Honda,Orange,rocni,bencin,3
JH4CL96986C407794,2005,Chevrolet,Teal,avtomatski,bencin,6
5NPEB4AC2BH040540,2003,Land Rover,Purple,rocni,bencin,3
3GYFNGEY1BS610563,2006,Toyota,Fuscia,rocni,dizel,1
JTDZN3EU8E3977186,1989,Lamborghini,Blue,rocni,hibridni,6
2C3CCAST7CH532805,2003,Toyota,Green,rocni,zemeljski plin,5
4T1BD1FK2FU494984,1984,Pontiac,Puce,avtomatski,hibridni,3
1G6DG8E5XC0497842,1987,Lincoln,Red,rocni,elektricni,1
3VW4T7AT8EM130104,2007,Ford,Crimson,avtomatski,elektricni,3
SALGS2DF5DA594533,1997,Mitsubishi,Khaki,rocni,zemeljski plin,3
3VWML7AJ5DM683113,2012,Cadillac,Violet,avtomatski,dizel,4
SCBDR3ZA8BC708943,2011,Ford,Crimson,avtomatski,elektricni,1
WAUVC68E82A322556,2000,Chevrolet,Yellow,avtomatski,elektricni,4
SALFR2BG2FH378121,2005,Maserati,Crimson,avtomatski,elektricni,4
JM3ER2W38A0590952,2006,Nissan,Crimson,avtomatski,hibridni,7
1D7CW3BK4AS045899,2009,Scion,Red,rocni,bencin,7
WAUKFAFL3BN686357,2009,Ferrari,Pink,avtomatski,elektricni,4
19XFB4F22EE243764,1997,Chevrolet,Goldenrod,rocni,zemeljski plin,6
WAUKD78P67A977748,2006,Toyota,Blue,rocni,dizel,3
WAUMGBFL8CA873114,2006,Dodge,Indigo,avtomatski,zemeljski plin,6
3C63D3EL5CG550534,1993,Plymouth,Yellow,avtomatski,elektricni,1
WBA3A9C59FF637218,1999,Saturn,Purple,avtomatski,bencin,3
WA1MKAFP0AA410325,1999,Ford,Green,avtomatski,bencin,6
JN1CV6EK9BM364332,2007,Audi,Aquamarine,avtomatski,elektricni,4
1FTMF1EW1AF688864,2003,Nissan,Fuscia,rocni,bencin,5
1GYUKKEF9AR425826,2001,Mazda,Purple,rocni,elektricni,1
5FRYD3H81FB058405,2012,Toyota,Pink,rocni,dizel,7
WAUDGBFL0DA201324,2005,Chrysler,Purple,rocni,hibridni,5
3TMJU4GN0CM125342,2000,Toyota,Maroon,avtomatski,elektricni,7
3D7TT2CT2BG702279,2003,Chevrolet,Aquamarine,rocni,hibridni,7
1C4SDJET8CC396929,2010,Chevrolet,Teal,rocni,dizel,4
JTDJTUD32DD179728,2008,Mitsubishi,Red,rocni,zemeljski plin,1
WAUEH98E37A454473,1974,Pontiac,Mauv,avtomatski,elektricni,5
2HNYD28708H425160,1972,Chevrolet,Teal,rocni,hibridni,4
SCBFR7ZA2DC800407,1996,Chevrolet,Mauv,rocni,hibridni,2
1G6DM5EV4A0949112,2012,Suzuki,Orange,rocni,bencin,6
1D7CW3BK4AS857459,2010,Toyota,Maroon,rocni,zemeljski plin,5
2FMGK5B84FB367623,1993,Honda,Aquamarine,rocni,elektricni,5
1G4PP5SK4D4782920,2007,BMW,Mauv,rocni,zemeljski plin,1
WAURVAFA3AN128894,1970,Chevrolet,Crimson,avtomatski,elektricni,6
2T3BF4DV7BW348932,1997,Mercury,Yellow,avtomatski,zemeljski plin,4
WBAEN33483P295414,2004,Toyota,Green,avtomatski,zemeljski plin,7
JM1GJ1T64F1950284,2005,Mazda,Violet,avtomatski,hibridni,7
WAUGL98E45A221707,2002,Mercedes-Benz,Aquamarine,rocni,hibridni,1
4T1BD1FK6CU555247,1997,Toyota,Khaki,rocni,dizel,5
JTDKN3DU0B0582936,2002,Lotus,Indigo,avtomatski,elektricni,1
1G6DV5EPXB0037911,2007,Jeep,Khaki,rocni,bencin,7
JH4CL95908C932904,1986,Subaru,Indigo,rocni,elektricni,6
4T3BA3BBXCU113556,2011,Ford,Red,rocni,zemeljski plin,3
3C6TD5HTXCG205734,1998,Dodge,Yellow,rocni,hibridni,3
WAUKC68D11A214501,1994,Nissan,Fuscia,rocni,zemeljski plin,7
WA1CV94L09D343754,2001,Chrysler,Red,rocni,hibridni,7
SCFBF03BX7G450309,2000,Saab,Blue,avtomatski,dizel,1
1FMJK1H53DE957177,2010,Volkswagen,Blue,avtomatski,hibridni,4
WAUSGCFC8CN966138,2007,Mercedes-Benz,Blue,avtomatski,hibridni,6
JTHBL5EF8F5035437,1966,Ford,Aquamarine,avtomatski,elektricni,4
4A31K5DF6CE009588,2008,Cadillac,Purple,rocni,elektricni,3
1G6DJ8EG6A0851548,2003,Mitsubishi,Turquoise,rocni,dizel,5
WA1LGAFE6DD382724,1976,Toyota,Orange,avtomatski,elektricni,7
5GADX33L16D579247,1990,Lotus,Teal,avtomatski,elektricni,5
JM1NC2PF1E0380637,1996,Dodge,Goldenrod,rocni,hibridni,3
KMHGH4JH1CU469707,2012,Chrysler,Orange,rocni,zemeljski plin,5
2C4RDGCG5FR698620,2006,Nissan,Green,avtomatski,elektricni,1
WAUDGBFL7CA310801,2007,Mercedes-Benz,Orange,rocni,zemeljski plin,1
WAULT68E22A250986,2004,Lincoln,Puce,rocni,bencin,7
JN1AZ4EH5AM306950,1999,Cadillac,Purple,avtomatski,bencin,5
3C6TD4KT2CG848078,1992,Daihatsu,Mauv,avtomatski,bencin,1
1G6DL5ED8B0909594,1994,Mitsubishi,Mauv,avtomatski,dizel,5
1GKLRKED6AJ159664,1998,Dodge,Green,rocni,hibridni,1
JH4DC54886S878552,2011,Buick,Violet,rocni,zemeljski plin,4
5TDDK3DC6CS550970,1990,Mitsubishi,Khaki,avtomatski,zemeljski plin,1
WBA3B5C5XFP976554,1994,Mazda,Teal,avtomatski,bencin,3
1FTWX3D51AE740591,1993,Acura,Turquoise,avtomatski,zemeljski plin,6
KNDJT2A50D7263586,1995,GMC,Aquamarine,avtomatski,bencin,4
3VWF17AT0FM796258,2001,Mitsubishi,Purple,rocni,zemeljski plin,7
WA1VMBFP5EA386811,2010,Toyota,Purple,avtomatski,bencin,1
2C3CA5CV2AH318587,2008,BMW,Orange,rocni,dizel,7
WAUAF78E77A899839,1986,Saab,Fuscia,rocni,zemeljski plin,4
3C4PDDEGXDT273584,2010,Mercedes-Benz,Aquamarine,avtomatski,elektricni,5
JTHBP5C20C5827730,2007,Spyker,Orange,rocni,elektricni,1
19UUB2F31FA263756,2005,Nissan,Purple,rocni,bencin,5
1N4AL2AP8BN612784,2010,Chevrolet,Maroon,rocni,hibridni,5
KMHHT6KJ8FU533603,1994,Oldsmobile,Aquamarine,rocni,elektricni,5
3VW217AU2FM490167,1997,Mercedes-Benz,Khaki,rocni,bencin,3
1G6KD57Y46U448347,1989,Buick,Fuscia,rocni,hibridni,7
2C3CDXBG4FH172111,1992,Toyota,Indigo,rocni,bencin,3
WBAYA6C53FD337688,1997,Mitsubishi,Orange,avtomatski,elektricni,2
JN8AZ2KR7BT834810,2001,Volvo,Puce,avtomatski,bencin,2
2C3CCAJG3EH285046,2005,Land Rover,Crimson,rocni,zemeljski plin,1
WVWED7AJ4BW134777,2010,Ford,Orange,rocni,dizel,4
1FMJK1H58CE787316,2012,GMC,Goldenrod,rocni,zemeljski plin,3
WA1EV94L77D189503,1993,Lincoln,Teal,avtomatski,dizel,7
WAUVT58E62A287333,2006,Chevrolet,Violet,rocni,hibridni,1
1N6AA0CHXEN696232,1996,GMC,Khaki,avtomatski,zemeljski plin,3
WAULT58E63A594025,2003,Suzuki,Turquoise,rocni,elektricni,6
WAUEF78EX6A693544,2010,Dodge,Orange,avtomatski,zemeljski plin,7
1D7RV1CP7AS874901,2008,Lamborghini,Red,avtomatski,bencin,3
WP0AA2A96ES594065,2009,GMC,Maroon,avtomatski,dizel,5
19UUA566X2A545662,2003,Jaguar,Fuscia,avtomatski,zemeljski plin,5
WBALL5C53EE627646,2010,Toyota,Teal,rocni,bencin,1
WAUKF78E38A421035,2002,Chevrolet,Goldenrod,avtomatski,dizel,1
5GTMNGEE1A8368893,2006,Land Rover,Fuscia,avtomatski,bencin,4
2T1BPRHE7FC238113,2004,Buick,Pink,rocni,dizel,7
WAUVF78K39A935603,1993,Chevrolet,Yellow,avtomatski,zemeljski plin,6
JM1GJ1U50F1076313,2009,Volvo,Pink,avtomatski,elektricni,5
SCFEDEANXCG429449,2004,Hummer,Green,avtomatski,dizel,5
JM1NC2EF9A0324152,2013,Mazda,Fuscia,rocni,zemeljski plin,6
KNDMB5C10F6577825,2000,Toyota,Yellow,rocni,zemeljski plin,1
2HKRM3H32EH008347,2011,Audi,Pink,rocni,hibridni,4
WA1LFAFP6BA628870,2005,Maybach,Indigo,rocni,zemeljski plin,6
JTJBC1BA1D2846785,2009,Ferrari,Mauv,avtomatski,bencin,4
1N6AA0CJ2DN971285,1992,Lincoln,Red,rocni,bencin,6
WAULC58E45A755863,2009,Hummer,Mauv,rocni,hibridni,6
19VDE1F54FE865171,2002,Audi,Green,avtomatski,hibridni,5
WAUGGBFC0CN849332,1993,Buick,Red,avtomatski,elektricni,6
3D4PH6FG6BT022723,2011,Volkswagen,Mauv,rocni,zemeljski plin,2
1N6AA0CCXCN900738,2001,Chevrolet,Crimson,avtomatski,bencin,2
1GYFC33269R516124,2007,Maybach,Pink,rocni,dizel,1
SCFFDAAE4AG680798,1998,Chevrolet,Violet,avtomatski,dizel,4
3FAHP0CG7CR612021,1966,Chevrolet,Orange,avtomatski,bencin,1
WAUDV74F99N254359,1993,Nissan,Puce,avtomatski,zemeljski plin,1
1GTG5AEA3F1707281,2002,Lotus,Blue,avtomatski,bencin,5
1GD312CGXBF876259,2011,Kia,Turquoise,rocni,dizel,3
1G6DV8EP5D0385880,1994,Alfa Romeo,Goldenrod,rocni,hibridni,4
WBA3N7C51EK181293,1963,Chevrolet,Aquamarine,avtomatski,zemeljski plin,1
2FMGK5D87FB979053,2004,Nissan,Puce,rocni,zemeljski plin,1
WBAAN37421N372716,2006,Ford,Blue,rocni,elektricni,4
5XYKT3A16CG606118,1985,Ford,Yellow,avtomatski,hibridni,4
4USFE43507L781812,1993,Ford,Maroon,rocni,bencin,5
JH4NA12685S419475,1997,Dodge,Blue,avtomatski,dizel,3
3VWJX7AJ6AM519193,1993,Geo,Puce,avtomatski,bencin,7
5GADT13S362274271,2001,Ford,Fuscia,avtomatski,hibridni,7
WBA3C1C5XFP224892,1993,Mazda,Turquoise,avtomatski,dizel,7
JH4CU2E64BC146542,2011,Ram,Aquamarine,avtomatski,hibridni,5
WAUAH74FX9N625569,1994,Mazda,Green,rocni,elektricni,1
2T3BF4DV7AW890322,1992,Mercedes-Benz,Orange,rocni,elektricni,1
WA1AV74L77D556631,2001,Mitsubishi,Puce,avtomatski,zemeljski plin,7
5XXGM4A73FG363101,2009,Volvo,Red,rocni,elektricni,5
WP0CB2A85CS294267,1992,Jeep,Aquamarine,rocni,bencin,5
JN8AS1MU5AM221190,2000,Volvo,Red,avtomatski,hibridni,4
5N1CR2MN4EC556821,2010,Toyota,Violet,avtomatski,elektricni,3
1N6AA0CA5EN834827,2012,Mercedes-Benz,Mauv,rocni,hibridni,3
WAUEFBFL2BN910348,1996,Acura,Aquamarine,rocni,dizel,5
1G4GB5ER1CF601587,1999,Nissan,Turquoise,avtomatski,elektricni,2
KNAFU5A29B5708519,2006,Suzuki,Violet,avtomatski,zemeljski plin,1
WAUHF98P97A249504,1996,Ford,Fuscia,avtomatski,hibridni,2
YV1902MM4F1241945,1976,Volkswagen,Purple,avtomatski,bencin,7
3C4PDCAB1FT684637,2002,Toyota,Green,avtomatski,zemeljski plin,3
1G4HD57208U186201,1997,Isuzu,Teal,rocni,hibridni,1
WAUGL98E75A458952,1997,Chrysler,Khaki,avtomatski,dizel,5
4A31K3DTXCE329975,2005,Saab,Goldenrod,avtomatski,bencin,7
WAUAKAFB0BN435228,1995,Dodge,Blue,rocni,elektricni,5
1FTEW1CM2EF934140,2008,Maybach,Green,rocni,zemeljski plin,2
WA1LGAFE8BD631344,1997,GMC,Purple,rocni,hibridni,6
1C4RDHAG2CC754512,1994,Mercury,Mauv,avtomatski,bencin,1
SCFAD01AX8G144403,2000,Pontiac,Yellow,rocni,zemeljski plin,3
YV1382MS6A2296185,2005,Chrysler,Violet,avtomatski,hibridni,7
JM1NC2JF7C0235009,1994,Hummer,Red,avtomatski,zemeljski plin,3
WAU4GAFB7AN783847,2001,Chevrolet,Orange,rocni,bencin,6
JN1AZ4EHXDM573229,1992,Subaru,Fuscia,avtomatski,dizel,6
WAUCFAFR4DA012186,2013,Ford,Crimson,avtomatski,bencin,1
WBA5B3C55ED250808,2003,Chevrolet,Goldenrod,rocni,dizel,5
WBAVC93527K425093,2011,Mazda,Khaki,rocni,zemeljski plin,3
5FNYF3H2XCB773184,1992,Volvo,Orange,rocni,hibridni,6
WBABD53434P195773,2003,Jaguar,Crimson,avtomatski,zemeljski plin,4
1GD311CG8FF116959,1966,Ford,Red,rocni,hibridni,3
1G6DJ1ED5B0093409,2006,Cadillac,Indigo,rocni,hibridni,5
WUAGNAFG7BN944767,1998,Dodge,Puce,rocni,elektricni,4
WAUKFBFL7BN369932,2005,Buick,Yellow,rocni,hibridni,7
WP0AB2A90AS854483,2012,Volkswagen,Khaki,rocni,zemeljski plin,3
JTEBU5JR3D5136795,1995,Land Rover,Khaki,rocni,elektricni,7
SCBBR93W478108042,2004,Mitsubishi,Maroon,avtomatski,bencin,3
19XFA1E88BE239432,2006,Audi,Puce,avtomatski,zemeljski plin,7
TRUSX28N611688832,2001,Chrysler,Indigo,rocni,zemeljski plin,3
5J6TF2H56EL911523,1998,Mazda,Yellow,avtomatski,zemeljski plin,3
1FA6P8AM4F5180462,2010,Mercedes-Benz,Green,avtomatski,bencin,4
1G4PP5SK9C4901138,2004,Chevrolet,Khaki,rocni,hibridni,6
YV1672MK1D2531001,1985,Audi,Maroon,rocni,bencin,2
1G6AE5SX4D0051667,1997,Pontiac,Maroon,avtomatski,zemeljski plin,2
JN1BJ0HP9FM138275,1998,GMC,Turquoise,rocni,elektricni,3
JH4DC548X4S846649,1987,Buick,Blue,avtomatski,zemeljski plin,1
WVGEF9BPXFD178532,2000,Chevrolet,Maroon,rocni,dizel,7
1C3BCBEB6EN169315,2010,Maybach,Yellow,avtomatski,bencin,4
4T1BF1FK0CU496111,2004,Acura,Mauv,rocni,hibridni,5
JM1NC2JF1D0279685,2007,Land Rover,Goldenrod,rocni,zemeljski plin,6
2C3CCASG1DH332362,2011,Honda,Goldenrod,avtomatski,zemeljski plin,2
1C4SDHCT4DC648009,1976,Chevrolet,Indigo,avtomatski,dizel,7
YV4952CT4E1906547,2004,GMC,Maroon,avtomatski,bencin,4
WVGEF9BP2FD288927,1995,Ford,Fuscia,avtomatski,hibridni,4
1D7RV1GP2BS881976,2010,Toyota,Indigo,avtomatski,zemeljski plin,4
1G6AZ5SX1F0813912,2011,Mercedes-Benz,Goldenrod,avtomatski,elektricni,5
WBAKG1C50CJ108972,1999,Saab,Khaki,rocni,bencin,3
1N6AA0CH7DN412036,1997,Toyota,Yellow,rocni,elektricni,2
1FT7W2A62EE714294,1992,Cadillac,Turquoise,rocni,hibridni,3
WBAWL73528P140181,1989,Ford,Maroon,rocni,zemeljski plin,6
3VW467AT5DM924306,1994,Volvo,Crimson,avtomatski,bencin,4
JTEBU5JR6B5358762,2006,Subaru,Purple,avtomatski,hibridni,3
3VWKX7AJ2BM938664,2006,GMC,Mauv,avtomatski,hibridni,3
5UXZV4C53BL342890,1988,Saab,Blue,rocni,elektricni,5
YV1960BW0A1173143,1992,Suzuki,Purple,rocni,hibridni,3
JA4AP3AU3CZ965514,1995,Chevrolet,Purple,rocni,elektricni,2
1C3CCBBB1CN615232,1993,Acura,Maroon,avtomatski,hibridni,1
1G6AH5S37F0609485,2001,Suzuki,Indigo,avtomatski,elektricni,3
2T1BU4EEXDC480018,1990,Pontiac,Mauv,avtomatski,bencin,3
3N1CN7AP6EL695861,1998,GMC,Aquamarine,rocni,dizel,3
2G4WN58C781879273,2009,Volvo,Pink,rocni,elektricni,7
1FTSW3B52AE029809,2008,Volkswagen,Khaki,avtomatski,hibridni,5
19XFB2F58DE475525,1995,Ford,Red,avtomatski,bencin,1
1GD020CG9BF723182,2001,Dodge,Teal,avtomatski,bencin,1
SCBCP7ZA4AC979795,1999,Ford,Red,avtomatski,hibridni,4
JTDKN3DU7F0798191,1958,Ford,Blue,rocni,zemeljski plin,1
WAUDGAFL8EA404702,2012,Aston Martin,Yellow,rocni,zemeljski plin,1
5UMCL93402L761809,2001,Hyundai,Indigo,avtomatski,zemeljski plin,5
SCBLE47K78C406108,2006,Mitsubishi,Goldenrod,avtomatski,bencin,1
2T1KE4EE4AC258356,2005,Chevrolet,Blue,avtomatski,elektricni,7
3N1AB6AP8CL225693,2009,Mazda,Mauv,rocni,elektricni,2
4T1BD1FK9CU455739,2013,Chevrolet,Aquamarine,avtomatski,dizel,6
1G6KF54902U266789,2010,Jeep,Pink,rocni,bencin,4
1G4PN5SK0C4369266,1998,Lamborghini,Violet,rocni,bencin,5
WAULFAFH5EN975258,2012,Bentley,Puce,rocni,elektricni,3
WDDDJ7CB5BA209600,2009,Kia,Crimson,avtomatski,bencin,6
1GYFK63897R313153,1998,GMC,Khaki,rocni,bencin,5
JTEBU5JR1F5465854,2007,Mazda,Crimson,rocni,dizel,3
SALAB2D42BA829388,1999,Mazda,Maroon,avtomatski,dizel,5
YV1902MM6F1450233,2001,Kia,Violet,rocni,zemeljski plin,7
KNADH5A34A6428889,1996,Toyota,Orange,rocni,hibridni,1
5TDDK3DC9FS787070,2001,Saturn,Yellow,rocni,dizel,4
WDDEJ7EBXCA461376,1995,BMW,Maroon,avtomatski,zemeljski plin,4
4T1BF1FK7DU505646,2010,Cadillac,Maroon,avtomatski,bencin,3
5N1AN0NU3CN582065,1990,Mercedes-Benz,Green,avtomatski,bencin,5
5UXZV8C58CL802649,2005,Cadillac,Purple,rocni,zemeljski plin,5
WBSDX9C53DE880170,2012,Maybach,Yellow,avtomatski,dizel,6
YV126MFK9F1637036,2013,Rolls-Royce,Violet,avtomatski,bencin,2
5UXWX5C5XCL636551,2007,Chevrolet,Turquoise,rocni,dizel,1
1GYEK63N04R953071,2004,Ford,Yellow,avtomatski,hibridni,3
WBANB33525B998962,1999,GMC,Red,avtomatski,dizel,2
JM1CW2BL7E0030084,1999,BMW,Maroon,rocni,hibridni,2
WBALZ5C53CD720135,1994,Ford,Yellow,rocni,elektricni,6
19UUA66237A833789,2005,Chrysler,Khaki,avtomatski,hibridni,4
WA1CYAFE5AD393304,2008,Smart,Fuscia,avtomatski,hibridni,1
1FTFW1E81AF375730,1998,Saab,Mauv,avtomatski,bencin,2
1FTEW1CW5AF808687,1996,Chevrolet,Khaki,rocni,dizel,5
JH4CU2F69BC004475,2002,Jeep,Goldenrod,rocni,dizel,6
1N4AL2AP8BN134530,2007,Buick,Pink,avtomatski,zemeljski plin,4
TRUWT28N121473633,1997,Mercury,Crimson,avtomatski,bencin,5
WAUBH74F56N437672,2007,GMC,Red,avtomatski,bencin,5
WAUMGBFLXAA539826,2008,Ford,Fuscia,avtomatski,elektricni,6
JTHBL5EF4A5927886,2000,Pontiac,Puce,rocni,zemeljski plin,5
1N6AA0CJ7EN612600,2009,Mitsubishi,Maroon,rocni,hibridni,5
WDDGF4HB3EG999857,2001,Chevrolet,Puce,rocni,elektricni,6
5UXWX5C55BL498609,2007,Mazda,Indigo,rocni,bencin,4
SCFEBBBK5DG652993,2009,Hyundai,Turquoise,rocni,dizel,5
5UXWX7C56CL596772,2003,Chevrolet,Fuscia,avtomatski,zemeljski plin,3
3C6TD5HTXCG840145,2011,Volkswagen,Khaki,rocni,hibridni,1
JN1AY1AR2DM580076,2008,Dodge,Red,rocni,dizel,1
19UUA65514A336702,2002,Ford,Turquoise,rocni,zemeljski plin,5
5J8TB1H52CA998407,1989,Mercedes-Benz,Orange,rocni,dizel,1
JHMZF1C63ES373541,2003,Chrysler,Maroon,rocni,dizel,1
WUARL48H68K938006,1994,Dodge,Puce,rocni,hibridni,5
WBAYE4C51ED222160,2008,Mazda,Teal,avtomatski,bencin,4
JH4KA96551C808811,1977,MG,Indigo,rocni,hibridni,4
1N6AA0CCXFN126687,1993,Mercedes-Benz,Violet,avtomatski,zemeljski plin,7
5UXKR6C57E0404282,1987,Ford,Crimson,rocni,elektricni,6
KMHHT6KDXDU647691,2012,Lexus,Mauv,avtomatski,dizel,2
KL4CJCSB7EB875334,2003,Oldsmobile,Maroon,avtomatski,hibridni,4
WDDDJ7CB3AA536043,1994,Alfa Romeo,Purple,rocni,zemeljski plin,7
5N1AR1NB0BC114216,2000,Honda,Goldenrod,rocni,elektricni,1
1G6AB5SX5E0272298,2005,Ford,Indigo,rocni,bencin,5
SALGR2WF5EA108538,2009,Mazda,Aquamarine,rocni,zemeljski plin,7
WBAKE3C54BE659527,1995,Chevrolet,Fuscia,rocni,dizel,5
SCBGH3ZA9EC612064,1996,Acura,Orange,rocni,elektricni,3
3GYFK66N56G980091,2003,Audi,Fuscia,rocni,zemeljski plin,5
5TDBW5G17BS102074,2003,Toyota,Goldenrod,avtomatski,elektricni,3
3C63D2JL8CG415743,1993,GMC,Green,rocni,dizel,3
WAUWGAFB3AN557488,2012,Mercedes-Benz,Puce,rocni,elektricni,7
1C4NJPBAXDD185626,1985,Mitsubishi,Blue,avtomatski,elektricni,2
1HGCP2E75AA282255,1996,Isuzu,Red,rocni,bencin,6
2T1BURHE9EC294254,2008,Aston Martin,Blue,rocni,bencin,2
5XXGM4A78FG824924,2011,BMW,Khaki,avtomatski,elektricni,6
1GKS1GEJ0CR117792,2005,Nissan,Fuscia,rocni,hibridni,1
2LMHJ5AT8EB706452,1997,Ford,Turquoise,rocni,zemeljski plin,2
TRURD28N361191817,2008,Chrysler,Goldenrod,rocni,dizel,3
2C3CDXCT1DH103627,1993,Mazda,Mauv,rocni,dizel,2
1GKS2FEJ1DR735583,2008,Honda,Crimson,avtomatski,elektricni,6
1GYS3AEF3CR443353,2006,Scion,Turquoise,rocni,dizel,4
1C3BC2EB0BN132448,2011,Nissan,Khaki,avtomatski,dizel,7
1GYS3CKJ5FR587916,2004,Chevrolet,Violet,rocni,zemeljski plin,3
WAUGF78K79A124833,1969,Chevrolet,Orange,avtomatski,elektricni,7
JN1BJ0HPXEM597233,1993,Buick,Goldenrod,rocni,bencin,2
WBAYB6C58DD976580,2005,BMW,Puce,rocni,dizel,4
5LMJJ3J55CE614846,2007,Buick,Turquoise,rocni,zemeljski plin,2
