emso,drzava,starost,barva,najmanjse_st_sedezev,pogon,menjalnik,model
40-0746604,China,da,svetel,6,vseeno,rocni,Dodge
03-2351570,Philippines,ne,vseeno,4,bencin,vseeno,vseeno
90-0848569,China,ne,temen,7,vseeno,vseeno,vseeno
01-2114772,French Polynesia,da,svetel,6,hibridni,avtomatski,vseeno
49-6952389,Pakistan,ne,svetel,2,vseeno,vseeno,vseeno
71-8098080,China,ne,svetel,1,vseeno,rocni,vseeno
67-7450235,Czech Republic,da,vseeno,1,bencin,vseeno,vseeno
08-3979584,United States,da,vseeno,5,vseeno,avtomatski,vseeno
09-4038956,Portugal,ne,vseeno,3,vseeno,vseeno,vseeno
41-9908469,Dominican Republic,da,vseeno,2,vseeno,vseeno,Buick
58-1209000,China,ne,svetel,3,zemeljski plin,avtomatski,vseeno
99-1389992,Indonesia,ne,svetel,7,vseeno,rocni,vseeno
72-2972262,Argentina,da,vseeno,5,vseeno,vseeno,vseeno
44-0494985,China,ne,temen,5,vseeno,vseeno,vseeno
12-1420227,Cameroon,ne,temen,6,vseeno,vseeno,vseeno
12-0085141,Iran,ne,vseeno,2,vseeno,rocni,vseeno
08-2485169,Indonesia,ne,vseeno,5,vseeno,avtomatski,Chevrolet
57-8252038,Brazil,ne,temen,2,hibridni,rocni,Dodge
50-2834426,Dominican Republic,ne,svetel,5,vseeno,avtomatski,vseeno
77-6222222,Mexico,ne,svetel,5,vseeno,avtomatski,vseeno
13-3649516,Russia,ne,temen,2,vseeno,rocni,vseeno
62-2439969,Indonesia,ne,vseeno,6,zemeljski plin,avtomatski,Volkswagen
11-6160170,Russia,ne,temen,3,vseeno,rocni,vseeno
47-6358260,Poland,ne,svetel,3,vseeno,rocni,vseeno
05-6673424,Czech Republic,da,vseeno,1,vseeno,avtomatski,vseeno
10-4531143,Morocco,ne,svetel,5,vseeno,avtomatski,vseeno
13-6708740,China,da,temen,2,vseeno,rocni,vseeno
24-3307528,Zambia,da,vseeno,4,elektricni,avtomatski,Chevrolet
34-2353433,Peru,ne,temen,6,vseeno,avtomatski,Volkswagen
88-6622150,Paraguay,ne,vseeno,3,hibridni,rocni,Chevrolet
42-7144175,Colombia,da,vseeno,4,hibridni,rocni,vseeno
82-9086142,Azerbaijan,da,temen,5,vseeno,avtomatski,Chevrolet
64-1630123,Uruguay,da,svetel,6,elektricni,vseeno,vseeno
92-9090025,Togo,da,vseeno,1,vseeno,avtomatski,vseeno
27-8834217,Russia,ne,temen,2,elektricni,vseeno,vseeno
07-7089154,Tanzania,ne,temen,1,vseeno,vseeno,Buick
41-1120246,Portugal,ne,temen,4,vseeno,avtomatski,vseeno
65-9090186,Sri Lanka,da,svetel,4,vseeno,avtomatski,vseeno
60-3982271,China,ne,svetel,2,vseeno,rocni,Buick
13-3216618,China,da,vseeno,3,vseeno,rocni,vseeno
40-5588702,United States,da,vseeno,2,bencin,rocni,vseeno
33-5943432,Chile,da,vseeno,6,elektricni,rocni,Buick
82-8928699,Philippines,ne,svetel,4,vseeno,vseeno,vseeno
40-9849855,Japan,ne,vseeno,5,vseeno,vseeno,vseeno
38-1639768,China,ne,temen,4,zemeljski plin,rocni,vseeno
99-3716550,Portugal,ne,temen,4,bencin,avtomatski,vseeno
41-8321487,Nigeria,da,temen,7,bencin,rocni,Dodge
98-3536252,Indonesia,ne,vseeno,2,zemeljski plin,vseeno,Chevrolet
24-9211359,Indonesia,ne,temen,7,vseeno,avtomatski,vseeno
95-8924270,Portugal,ne,vseeno,6,vseeno,rocni,vseeno
13-2543062,China,da,svetel,3,dizel,avtomatski,Chevrolet
95-7909517,China,da,vseeno,2,zemeljski plin,rocni,vseeno
64-2247785,China,da,temen,4,zemeljski plin,rocni,Chevrolet
82-4387362,Peru,ne,svetel,6,vseeno,avtomatski,Chrysler
99-9717990,Philippines,ne,svetel,5,vseeno,rocni,Volkswagen
45-8848126,Ukraine,ne,svetel,7,vseeno,avtomatski,Dodge
51-8646100,China,da,vseeno,2,vseeno,vseeno,Volkswagen
94-4870730,Indonesia,da,temen,4,vseeno,rocni,Buick
75-8272570,Vietnam,ne,svetel,3,vseeno,rocni,Volkswagen
47-8910010,Greece,da,svetel,1,vseeno,vseeno,vseeno
80-0894729,Portugal,da,temen,7,vseeno,rocni,Volkswagen
45-8876111,Botswana,ne,svetel,2,vseeno,rocni,vseeno
02-3436418,Reunion,ne,vseeno,1,vseeno,rocni,vseeno
04-0236857,Portugal,ne,temen,7,vseeno,avtomatski,vseeno
98-9702297,Afghanistan,da,vseeno,2,vseeno,avtomatski,Dodge
36-9067644,China,ne,vseeno,4,vseeno,rocni,vseeno
94-0671757,China,da,temen,2,vseeno,vseeno,Chevrolet
64-6974256,Indonesia,ne,vseeno,3,vseeno,rocni,Dodge
46-9236283,Brazil,da,temen,5,elektricni,avtomatski,vseeno
01-5341992,Portugal,ne,svetel,7,hibridni,rocni,Chrysler
49-5605566,Mexico,da,temen,4,elektricni,avtomatski,Buick
68-0045916,France,ne,svetel,6,bencin,rocni,vseeno
38-8408898,France,ne,svetel,5,vseeno,avtomatski,vseeno
90-5620315,Indonesia,ne,svetel,6,vseeno,vseeno,vseeno
54-6094821,Croatia,ne,temen,5,vseeno,rocni,vseeno
95-7275635,Philippines,ne,vseeno,7,vseeno,rocni,vseeno
02-3495084,United States,da,vseeno,5,dizel,vseeno,Volkswagen
72-1194493,China,da,svetel,7,vseeno,rocni,vseeno
12-8512877,China,da,vseeno,1,bencin,rocni,Dodge
56-2091154,Indonesia,da,vseeno,2,vseeno,vseeno,Chevrolet
23-5141194,Azerbaijan,ne,svetel,6,elektricni,avtomatski,Volkswagen
61-7010138,Czech Republic,da,temen,7,vseeno,avtomatski,vseeno
86-3023131,Jamaica,da,vseeno,7,hibridni,rocni,Dodge
39-0458754,Philippines,ne,temen,6,vseeno,rocni,Chevrolet
95-4619144,China,da,temen,4,elektricni,vseeno,vseeno
40-6646405,Indonesia,ne,vseeno,6,vseeno,rocni,vseeno
33-7815421,Canada,da,temen,6,vseeno,rocni,vseeno
23-2617364,Russia,ne,vseeno,7,vseeno,rocni,Chevrolet
51-5688911,Bosnia and Herzegovina,ne,vseeno,5,bencin,avtomatski,Volkswagen
72-1014194,Bolivia,ne,temen,6,hibridni,vseeno,Buick
61-2147653,Greece,ne,vseeno,6,elektricni,avtomatski,vseeno
11-8122548,Indonesia,ne,temen,1,vseeno,avtomatski,vseeno
63-7916954,Mexico,ne,temen,6,bencin,vseeno,vseeno
37-9946022,Brazil,da,vseeno,2,vseeno,vseeno,vseeno
55-9169051,Indonesia,da,svetel,6,elektricni,avtomatski,vseeno
18-7162088,Syria,ne,temen,5,zemeljski plin,avtomatski,vseeno
24-3878690,China,da,svetel,3,bencin,rocni,vseeno
98-2675120,Brazil,ne,temen,2,vseeno,vseeno,Volkswagen
49-3139335,Poland,ne,vseeno,2,vseeno,rocni,vseeno
52-9363345,Kuwait,ne,temen,6,vseeno,vseeno,Chrysler
31-5623896,Colombia,da,temen,5,vseeno,vseeno,Dodge
09-4547514,Japan,da,temen,5,zemeljski plin,vseeno,vseeno
01-8713979,Colombia,da,temen,5,vseeno,avtomatski,Buick
49-8571566,Russia,ne,svetel,3,vseeno,vseeno,vseeno
18-1595257,China,ne,vseeno,3,vseeno,rocni,vseeno
26-4136237,France,ne,temen,2,hibridni,rocni,Dodge
90-8841706,Chile,ne,temen,2,vseeno,rocni,vseeno
91-5610202,United States,da,vseeno,3,vseeno,avtomatski,vseeno
71-1751515,Philippines,da,vseeno,4,zemeljski plin,vseeno,Dodge
69-1549134,Canada,ne,temen,1,vseeno,vseeno,vseeno
69-3389634,Philippines,ne,svetel,5,vseeno,avtomatski,Chrysler
03-5220887,Morocco,ne,vseeno,7,vseeno,avtomatski,vseeno
19-0510630,China,da,temen,5,dizel,avtomatski,Chrysler
99-8331395,Portugal,ne,vseeno,7,elektricni,avtomatski,vseeno
25-2080889,China,da,vseeno,7,bencin,avtomatski,vseeno
97-6050130,Venezuela,ne,vseeno,5,bencin,rocni,Volkswagen
76-8430639,Peru,da,vseeno,2,vseeno,rocni,Dodge
80-3151254,Malaysia,da,vseeno,5,vseeno,avtomatski,vseeno
86-2809816,China,ne,vseeno,3,vseeno,avtomatski,vseeno
37-5924210,Russia,da,svetel,1,vseeno,rocni,vseeno
33-5033053,China,da,temen,5,zemeljski plin,vseeno,vseeno
25-8353871,Panama,ne,temen,7,vseeno,avtomatski,vseeno
39-6252736,Sweden,da,temen,5,bencin,rocni,Chrysler
39-3518301,China,da,temen,1,vseeno,avtomatski,Buick
27-0697620,Philippines,ne,vseeno,5,vseeno,vseeno,vseeno
73-4902621,Vietnam,da,vseeno,5,vseeno,rocni,vseeno
11-7659049,Bahrain,ne,svetel,2,dizel,avtomatski,vseeno
96-2387895,Japan,da,temen,1,vseeno,avtomatski,Buick
03-2822214,Portugal,ne,vseeno,3,vseeno,vseeno,vseeno
98-7914317,Portugal,ne,temen,1,vseeno,avtomatski,vseeno
58-3812849,Portugal,da,svetel,2,zemeljski plin,rocni,Volkswagen
20-7534204,Thailand,ne,temen,5,vseeno,rocni,vseeno
06-7971614,Indonesia,da,vseeno,1,elektricni,avtomatski,Buick
92-6635136,Portugal,da,svetel,4,hibridni,avtomatski,Dodge
81-1627836,Sweden,ne,temen,6,dizel,rocni,vseeno
40-3726070,China,da,vseeno,3,vseeno,rocni,vseeno
68-4364768,Philippines,da,temen,6,vseeno,rocni,vseeno
14-5000077,Bosnia and Herzegovina,da,vseeno,7,vseeno,rocni,Chrysler
55-3130057,Somalia,da,temen,2,vseeno,avtomatski,Chevrolet
37-0389830,Russia,ne,temen,5,vseeno,avtomatski,vseeno
70-7611336,Vietnam,da,vseeno,6,vseeno,avtomatski,Buick
41-5259734,China,ne,vseeno,6,bencin,vseeno,vseeno
44-1295173,China,ne,svetel,7,vseeno,rocni,vseeno
64-3204816,Tanzania,ne,svetel,2,vseeno,rocni,vseeno
13-7307896,Sweden,ne,vseeno,2,hibridni,vseeno,vseeno
54-0505920,Marshall Islands,ne,vseeno,4,vseeno,rocni,vseeno
19-3245604,China,da,vseeno,6,vseeno,avtomatski,Dodge
53-7091720,Russia,da,svetel,1,hibridni,vseeno,Chrysler
46-0261235,Ukraine,ne,temen,6,bencin,avtomatski,vseeno
86-5319161,Philippines,da,temen,2,vseeno,vseeno,Chevrolet
00-5507630,Luxembourg,da,temen,3,vseeno,rocni,Buick
45-9811483,China,da,vseeno,3,vseeno,avtomatski,Dodge
36-5405822,China,ne,svetel,1,elektricni,rocni,vseeno
31-2061968,Peru,ne,vseeno,1,dizel,avtomatski,vseeno
45-0063642,Venezuela,ne,svetel,5,hibridni,vseeno,Volkswagen
97-4863444,Anguilla,da,svetel,5,zemeljski plin,vseeno,Chrysler
13-0743921,Portugal,ne,svetel,5,dizel,rocni,vseeno
52-4810017,Mongolia,ne,vseeno,2,dizel,vseeno,vseeno
41-6600605,China,da,svetel,5,vseeno,avtomatski,vseeno
12-8856507,Philippines,da,svetel,1,vseeno,avtomatski,Buick
21-7385058,Japan,ne,temen,1,vseeno,avtomatski,vseeno
79-8393221,Russia,ne,svetel,5,hibridni,rocni,vseeno
31-2324820,Philippines,ne,svetel,2,vseeno,avtomatski,Chevrolet
12-7893916,Poland,da,vseeno,7,vseeno,avtomatski,vseeno
04-7520182,Indonesia,da,temen,4,vseeno,rocni,vseeno
32-8120429,China,ne,temen,5,vseeno,rocni,vseeno
76-6000375,Poland,ne,vseeno,4,vseeno,avtomatski,Volkswagen
01-6958931,Indonesia,ne,temen,2,vseeno,vseeno,Volkswagen
88-2193171,Poland,da,vseeno,4,elektricni,vseeno,vseeno
72-0587355,Madagascar,da,temen,7,bencin,vseeno,vseeno
45-8516893,Kuwait,ne,svetel,3,vseeno,vseeno,vseeno
68-8660543,China,da,svetel,2,vseeno,vseeno,Chrysler
37-0613069,Jamaica,da,temen,1,vseeno,avtomatski,vseeno
68-0057811,Uruguay,ne,vseeno,2,bencin,vseeno,vseeno
94-9767567,Sweden,da,svetel,4,elektricni,vseeno,Buick
22-1870076,Poland,da,vseeno,6,dizel,avtomatski,vseeno
92-1794870,Finland,ne,temen,5,vseeno,rocni,Buick
36-6849730,Russia,ne,temen,2,bencin,rocni,vseeno
70-6139154,Tanzania,ne,vseeno,7,vseeno,vseeno,vseeno
14-9175672,South Africa,da,svetel,3,vseeno,vseeno,Dodge
42-5221410,China,da,vseeno,4,vseeno,avtomatski,Dodge
28-3534456,Sri Lanka,ne,vseeno,4,vseeno,vseeno,vseeno
59-9986460,Yemen,ne,temen,1,vseeno,vseeno,Chevrolet
64-2213259,Russia,da,temen,3,dizel,avtomatski,Buick
19-1550356,Philippines,da,vseeno,6,vseeno,rocni,vseeno
19-1238936,Poland,ne,vseeno,1,vseeno,vseeno,Volkswagen
13-5866845,Mongolia,ne,temen,4,hibridni,vseeno,vseeno
33-6026420,Belarus,da,vseeno,1,vseeno,rocni,Chevrolet
73-3185783,Mexico,ne,temen,1,vseeno,avtomatski,vseeno
70-9745772,Ukraine,ne,vseeno,7,vseeno,vseeno,Buick
98-8659226,Czech Republic,ne,temen,7,hibridni,vseeno,Volkswagen
84-8521920,Finland,da,svetel,4,vseeno,vseeno,Volkswagen
75-3743286,Poland,ne,temen,4,vseeno,rocni,vseeno
87-5877375,Indonesia,da,vseeno,7,vseeno,rocni,vseeno
30-5717910,Mauritius,da,vseeno,5,bencin,vseeno,vseeno
99-4114939,Kazakhstan,ne,vseeno,7,vseeno,avtomatski,vseeno
31-4276927,China,ne,temen,3,vseeno,rocni,vseeno
73-3852692,Kenya,da,svetel,4,vseeno,vseeno,vseeno
94-3742081,Philippines,ne,vseeno,5,elektricni,vseeno,vseeno
66-9152765,Russia,da,svetel,3,vseeno,vseeno,vseeno
61-8029307,China,ne,temen,5,vseeno,avtomatski,Buick
49-5113719,China,da,svetel,1,dizel,rocni,vseeno
99-0082004,Russia,da,temen,6,vseeno,avtomatski,vseeno
75-6792849,China,da,svetel,6,vseeno,rocni,Buick
37-1262764,Cameroon,da,svetel,6,zemeljski plin,vseeno,vseeno
67-5110229,Netherlands,da,svetel,3,vseeno,vseeno,Chevrolet
73-6236641,Brazil,ne,temen,5,vseeno,vseeno,vseeno
36-4000056,Russia,da,vseeno,6,hibridni,avtomatski,vseeno
80-3713125,Iraq,ne,svetel,5,vseeno,rocni,vseeno
00-9481600,Indonesia,ne,svetel,3,vseeno,vseeno,Chrysler
09-5015030,Argentina,ne,vseeno,1,hibridni,vseeno,vseeno
36-4724004,Russia,da,vseeno,7,vseeno,rocni,vseeno
08-0667970,Sweden,da,temen,1,dizel,rocni,vseeno
99-9857443,Costa Rica,ne,vseeno,4,vseeno,vseeno,vseeno
15-0615725,Indonesia,ne,temen,4,elektricni,rocni,Dodge
58-9141170,Argentina,da,svetel,5,vseeno,rocni,vseeno
64-9797062,China,da,svetel,3,dizel,vseeno,vseeno
12-2427463,Vietnam,ne,temen,5,vseeno,rocni,vseeno
90-1276463,Thailand,ne,temen,6,dizel,avtomatski,Dodge
30-2561653,Indonesia,da,vseeno,1,vseeno,vseeno,vseeno
04-9224437,China,ne,svetel,5,vseeno,vseeno,vseeno
91-0692499,Burkina Faso,ne,vseeno,3,vseeno,rocni,Volkswagen
93-3542931,Czech Republic,da,temen,1,vseeno,rocni,vseeno
21-4052767,Greece,da,temen,6,vseeno,vseeno,vseeno
92-4710161,South Korea,ne,temen,6,vseeno,vseeno,Volkswagen
03-6046992,El Salvador,ne,vseeno,5,vseeno,vseeno,Buick
26-0132397,Thailand,ne,svetel,7,vseeno,avtomatski,vseeno
87-8604544,Indonesia,ne,vseeno,4,vseeno,avtomatski,vseeno
19-4620103,China,da,vseeno,6,hibridni,rocni,vseeno
74-0128229,Indonesia,ne,temen,4,dizel,vseeno,vseeno
39-4259617,China,da,svetel,5,vseeno,vseeno,vseeno
89-2129953,Croatia,ne,vseeno,4,vseeno,rocni,vseeno
75-1796384,Philippines,ne,vseeno,7,zemeljski plin,rocni,vseeno
70-8513112,Indonesia,da,temen,3,vseeno,vseeno,vseeno
72-7900213,Bosnia and Herzegovina,da,svetel,4,vseeno,avtomatski,vseeno
30-9497219,China,ne,svetel,7,vseeno,vseeno,vseeno
28-5900757,United States,da,svetel,4,vseeno,avtomatski,vseeno
00-5970853,Pakistan,da,temen,7,vseeno,rocni,vseeno
22-1902609,China,ne,vseeno,7,hibridni,avtomatski,vseeno
32-3584370,Pakistan,da,svetel,4,hibridni,rocni,vseeno
41-6233530,Philippines,ne,vseeno,2,vseeno,avtomatski,Chrysler
55-3611001,French Polynesia,da,temen,3,vseeno,vseeno,vseeno
99-1339955,China,ne,temen,7,vseeno,vseeno,vseeno
38-7167964,Russia,da,temen,5,vseeno,avtomatski,vseeno
32-2289621,Tajikistan,da,temen,5,hibridni,vseeno,vseeno
96-4829398,Vietnam,ne,svetel,6,vseeno,avtomatski,vseeno
07-4015418,Poland,da,vseeno,6,vseeno,vseeno,vseeno
06-2570573,Malaysia,ne,temen,2,vseeno,rocni,Chevrolet
48-0836447,Canada,da,vseeno,2,vseeno,rocni,Chrysler
16-4127158,China,ne,temen,2,hibridni,vseeno,vseeno
54-5763901,Argentina,da,svetel,5,vseeno,rocni,vseeno
52-3159168,Croatia,da,vseeno,7,zemeljski plin,rocni,vseeno
11-5083874,Poland,ne,vseeno,3,vseeno,avtomatski,vseeno
68-5482791,Russia,da,svetel,2,vseeno,rocni,vseeno
43-1512012,China,ne,vseeno,2,vseeno,vseeno,vseeno
87-8774854,Italy,ne,svetel,7,bencin,vseeno,vseeno
23-9220943,Japan,ne,temen,4,bencin,avtomatski,vseeno
69-1154393,Denmark,da,vseeno,2,dizel,avtomatski,Volkswagen
51-2782460,Portugal,da,vseeno,4,vseeno,avtomatski,Dodge
26-5358619,Peru,ne,vseeno,2,vseeno,rocni,vseeno
48-1350471,China,da,vseeno,2,dizel,rocni,Volkswagen
40-7540181,China,da,vseeno,5,zemeljski plin,avtomatski,vseeno
90-6194958,Nigeria,da,svetel,2,vseeno,avtomatski,vseeno
01-0026277,Indonesia,ne,svetel,1,vseeno,vseeno,vseeno
50-9157982,Philippines,ne,svetel,3,zemeljski plin,avtomatski,Buick
97-8613949,China,da,vseeno,6,vseeno,avtomatski,vseeno
85-3714855,Tanzania,da,vseeno,7,vseeno,rocni,Buick
72-5011625,El Salvador,ne,svetel,6,hibridni,rocni,Dodge
81-4830745,Comoros,da,svetel,5,vseeno,vseeno,Chevrolet
81-3379812,China,da,vseeno,3,dizel,rocni,vseeno
27-6963373,China,da,svetel,3,vseeno,rocni,vseeno
71-1940085,Greece,da,temen,1,vseeno,vseeno,vseeno
54-0384610,Egypt,da,temen,4,hibridni,rocni,vseeno
24-1251773,South Africa,ne,temen,2,dizel,vseeno,Volkswagen
86-8760776,Venezuela,ne,temen,3,vseeno,rocni,vseeno
95-1181622,Indonesia,da,svetel,7,vseeno,avtomatski,vseeno
92-4667167,Indonesia,da,vseeno,5,vseeno,rocni,Chrysler
52-1176603,Philippines,ne,temen,4,zemeljski plin,avtomatski,Dodge
00-7774282,Philippines,ne,vseeno,4,zemeljski plin,vseeno,vseeno
09-6899166,China,da,svetel,4,zemeljski plin,rocni,vseeno
99-7261446,Lithuania,da,svetel,1,vseeno,avtomatski,vseeno
52-2761283,United States,da,svetel,6,vseeno,avtomatski,vseeno
19-4831243,Portugal,ne,temen,1,vseeno,rocni,vseeno
46-6305042,Brazil,ne,vseeno,4,zemeljski plin,vseeno,vseeno
89-5519165,China,ne,vseeno,6,vseeno,vseeno,Dodge
17-9421611,Russia,ne,svetel,1,vseeno,avtomatski,Chevrolet
88-2631583,Portugal,ne,svetel,2,vseeno,avtomatski,vseeno
86-5668197,Portugal,da,temen,6,vseeno,vseeno,vseeno
67-3380297,Central African Republic,da,svetel,5,bencin,avtomatski,vseeno
66-7828580,China,da,svetel,6,elektricni,avtomatski,vseeno
78-0804996,Iran,da,vseeno,2,vseeno,vseeno,vseeno
53-1290463,Philippines,ne,svetel,2,hibridni,avtomatski,vseeno
90-1446751,Poland,da,temen,1,vseeno,rocni,vseeno
49-8241467,Micronesia,ne,temen,6,vseeno,vseeno,vseeno
56-0044859,Argentina,ne,vseeno,1,hibridni,avtomatski,vseeno
58-3910500,Portugal,ne,svetel,6,hibridni,avtomatski,Buick
72-3132607,Indonesia,da,svetel,4,bencin,vseeno,vseeno
47-5675113,China,da,temen,3,hibridni,rocni,vseeno
99-8971164,Sweden,da,svetel,3,vseeno,rocni,vseeno
94-9800092,China,da,svetel,3,vseeno,avtomatski,vseeno
63-8942590,China,da,temen,7,vseeno,rocni,Chrysler
31-7484106,United States,ne,vseeno,4,vseeno,avtomatski,vseeno
34-3430349,China,ne,temen,6,vseeno,rocni,vseeno
88-6162434,Russia,da,temen,7,vseeno,rocni,vseeno
55-5427446,France,da,temen,2,vseeno,vseeno,vseeno
81-7687302,Norway,da,svetel,7,hibridni,vseeno,vseeno
34-4609614,Zimbabwe,ne,svetel,6,hibridni,vseeno,vseeno
18-3125395,China,da,temen,4,vseeno,avtomatski,Buick
15-5265135,China,ne,vseeno,7,vseeno,vseeno,Dodge
30-0169227,Indonesia,ne,temen,1,vseeno,avtomatski,vseeno
98-3349966,China,ne,svetel,7,elektricni,rocni,Chevrolet
07-9192742,Chile,ne,temen,5,bencin,avtomatski,Chevrolet
27-2487279,Japan,ne,vseeno,6,zemeljski plin,rocni,vseeno
28-4095459,Indonesia,da,svetel,3,hibridni,rocni,Chevrolet
49-0332684,Russia,ne,temen,2,vseeno,avtomatski,vseeno
02-2375613,Ukraine,da,svetel,1,vseeno,avtomatski,Chrysler
11-8891808,Poland,da,svetel,2,vseeno,avtomatski,vseeno
52-6044287,China,da,temen,7,vseeno,avtomatski,Dodge
44-1881234,China,da,temen,5,dizel,rocni,vseeno
32-7453364,Indonesia,ne,temen,6,dizel,rocni,vseeno
66-8499791,Russia,da,svetel,1,vseeno,vseeno,Chrysler
22-9428821,Indonesia,ne,vseeno,1,elektricni,rocni,Dodge
45-7487155,Croatia,da,svetel,4,vseeno,avtomatski,vseeno
46-5278543,Russia,da,temen,7,dizel,avtomatski,Dodge
56-0757338,Indonesia,ne,temen,5,bencin,rocni,vseeno
91-8485076,China,da,vseeno,7,vseeno,avtomatski,Chrysler
90-8791568,Indonesia,ne,svetel,3,vseeno,rocni,Chevrolet
27-7617264,China,da,vseeno,4,vseeno,avtomatski,Chevrolet
93-7085718,China,da,temen,4,vseeno,vseeno,vseeno
75-2725900,Peru,da,temen,3,vseeno,vseeno,vseeno
74-0691183,Czech Republic,da,vseeno,6,vseeno,vseeno,vseeno
33-7049599,China,ne,svetel,6,vseeno,avtomatski,Buick
13-1499828,Indonesia,da,temen,4,vseeno,avtomatski,vseeno
59-3544358,Argentina,ne,svetel,2,vseeno,avtomatski,vseeno
22-1345286,Indonesia,ne,svetel,6,vseeno,avtomatski,vseeno
07-1504898,Indonesia,da,temen,6,vseeno,vseeno,vseeno
33-0979007,Bulgaria,ne,temen,1,vseeno,avtomatski,Volkswagen
81-7263799,Japan,ne,vseeno,7,vseeno,avtomatski,vseeno
29-3117719,Indonesia,da,vseeno,2,zemeljski plin,vseeno,vseeno
18-4076508,China,ne,temen,4,hibridni,avtomatski,vseeno
54-5808261,Thailand,ne,vseeno,1,vseeno,rocni,vseeno
90-0321237,Pakistan,da,vseeno,5,bencin,vseeno,vseeno
40-9403322,Mongolia,ne,temen,6,vseeno,rocni,vseeno
46-7998115,China,ne,svetel,6,vseeno,vseeno,vseeno
98-9272735,Indonesia,ne,temen,7,vseeno,avtomatski,Chevrolet
32-3869263,Czech Republic,da,svetel,1,vseeno,avtomatski,Volkswagen
03-8845872,Panama,ne,svetel,3,vseeno,vseeno,vseeno
90-9343699,Japan,da,svetel,4,vseeno,rocni,Chevrolet
71-3142416,China,da,temen,1,bencin,avtomatski,vseeno
42-6631927,China,da,temen,6,vseeno,avtomatski,vseeno
03-1675614,Indonesia,da,vseeno,4,vseeno,avtomatski,vseeno
95-6931802,Malawi,da,svetel,2,vseeno,rocni,vseeno
74-7063485,Philippines,ne,vseeno,2,vseeno,vseeno,vseeno
85-2573967,China,ne,temen,7,dizel,vseeno,vseeno
70-9781909,Russia,da,vseeno,2,vseeno,avtomatski,vseeno
98-9660996,Netherlands,da,vseeno,4,vseeno,avtomatski,vseeno
19-1724062,Portugal,da,temen,7,vseeno,vseeno,vseeno
20-3469893,Poland,da,vseeno,4,vseeno,vseeno,vseeno
94-9353511,Czech Republic,da,temen,1,vseeno,vseeno,vseeno
26-2974055,United States,da,vseeno,7,vseeno,vseeno,vseeno
15-0951165,Poland,da,vseeno,3,vseeno,vseeno,vseeno
88-1800994,Indonesia,ne,temen,2,vseeno,rocni,vseeno
96-5765888,Uzbekistan,da,temen,1,vseeno,avtomatski,vseeno
14-1155564,United States,da,temen,4,vseeno,avtomatski,Chevrolet
41-2840609,Canada,da,vseeno,7,vseeno,rocni,vseeno
39-2339578,China,da,svetel,7,vseeno,rocni,Buick
62-0754582,Argentina,da,vseeno,5,elektricni,rocni,Chevrolet
11-2376864,Philippines,ne,vseeno,7,vseeno,vseeno,Chrysler
81-9332000,Peru,ne,temen,3,vseeno,avtomatski,Chevrolet
45-6817244,China,da,svetel,5,vseeno,avtomatski,vseeno
76-8902243,Indonesia,ne,svetel,5,elektricni,avtomatski,vseeno
99-2669368,Thailand,ne,svetel,1,vseeno,avtomatski,vseeno
96-8583668,China,da,temen,5,vseeno,avtomatski,Buick
82-9357910,Nigeria,ne,svetel,5,vseeno,rocni,Volkswagen
56-3500401,China,ne,temen,1,dizel,avtomatski,Volkswagen
66-3436465,Indonesia,da,svetel,2,vseeno,rocni,vseeno
18-8076930,Mexico,da,svetel,6,vseeno,vseeno,vseeno
15-2307467,Brazil,ne,vseeno,7,vseeno,avtomatski,vseeno
73-3539397,Indonesia,ne,temen,4,zemeljski plin,rocni,Dodge
66-4699191,Greece,ne,svetel,6,vseeno,vseeno,Chrysler
09-4234093,Portugal,ne,temen,2,dizel,rocni,Volkswagen
28-7897668,China,da,vseeno,6,vseeno,avtomatski,Volkswagen
76-3685853,Russia,da,vseeno,3,zemeljski plin,rocni,Volkswagen
38-0928170,Greece,da,temen,2,vseeno,rocni,vseeno
45-6773512,Poland,da,svetel,6,vseeno,rocni,vseeno
51-9224667,France,da,temen,5,vseeno,rocni,vseeno
23-3382093,Indonesia,ne,temen,7,vseeno,avtomatski,vseeno
42-4795465,France,ne,vseeno,2,vseeno,rocni,vseeno
82-4902487,China,ne,svetel,4,dizel,vseeno,Chrysler
28-1989193,Argentina,ne,svetel,6,elektricni,rocni,vseeno
49-8021881,Indonesia,da,temen,6,zemeljski plin,vseeno,vseeno
24-9184621,Argentina,da,temen,3,vseeno,avtomatski,vseeno
35-5913377,Colombia,da,svetel,6,elektricni,avtomatski,vseeno
13-2894054,Indonesia,da,temen,2,vseeno,rocni,Volkswagen
63-8186086,Ukraine,da,temen,1,vseeno,rocni,vseeno
19-8537223,Poland,ne,vseeno,7,vseeno,vseeno,vseeno
13-9477281,France,ne,temen,6,vseeno,rocni,Dodge
01-8623743,Indonesia,ne,svetel,2,dizel,avtomatski,Chevrolet
99-7174980,Norway,ne,vseeno,2,dizel,rocni,vseeno
28-1193156,China,ne,vseeno,3,vseeno,vseeno,Chevrolet
31-7241916,United States,da,temen,2,vseeno,avtomatski,Volkswagen
39-0897734,Slovenia,ne,svetel,2,vseeno,vseeno,vseeno
55-8394833,Russia,ne,temen,3,zemeljski plin,rocni,vseeno
02-2503301,Tunisia,ne,svetel,3,vseeno,avtomatski,vseeno
29-2707210,Canada,da,vseeno,4,vseeno,rocni,Chrysler
67-0726506,Canada,ne,svetel,3,vseeno,avtomatski,vseeno
41-8677184,Indonesia,da,vseeno,4,bencin,vseeno,vseeno
87-0744479,Trinidad and Tobago,ne,vseeno,3,zemeljski plin,rocni,vseeno
72-2619752,Thailand,da,temen,5,hibridni,vseeno,Buick
58-2804333,Benin,ne,temen,6,vseeno,rocni,Buick
65-4764986,Brazil,ne,temen,1,elektricni,avtomatski,vseeno
37-6256473,Slovenia,ne,vseeno,3,vseeno,vseeno,Buick
38-7261682,Indonesia,ne,svetel,2,vseeno,vseeno,vseeno
24-9065905,China,ne,vseeno,2,vseeno,vseeno,Volkswagen
55-0740962,China,da,svetel,3,elektricni,vseeno,vseeno
88-7777949,Sierra Leone,ne,svetel,6,vseeno,avtomatski,Chrysler
97-4621049,Russia,da,svetel,7,vseeno,vseeno,vseeno
46-6616563,Poland,ne,svetel,3,zemeljski plin,vseeno,vseeno
87-3356677,Equatorial Guinea,ne,svetel,7,zemeljski plin,rocni,vseeno
23-3490042,Indonesia,da,temen,7,bencin,avtomatski,vseeno
85-2450620,Peru,da,svetel,1,vseeno,rocni,vseeno
53-0170993,Russia,da,vseeno,1,vseeno,vseeno,Buick
82-2625971,Peru,ne,temen,6,elektricni,avtomatski,Volkswagen
81-4281637,Brazil,da,vseeno,6,vseeno,avtomatski,Chevrolet
03-8808898,Brazil,ne,vseeno,6,vseeno,avtomatski,Chrysler
87-2712453,Palestinian Territory,ne,svetel,1,vseeno,vseeno,vseeno
34-2265523,Indonesia,da,temen,4,vseeno,avtomatski,Dodge
11-2803960,Dominican Republic,da,vseeno,5,vseeno,avtomatski,Chevrolet
57-7468446,Argentina,ne,svetel,3,vseeno,vseeno,vseeno
48-8030804,Colombia,ne,temen,4,vseeno,rocni,Dodge
09-0235335,Philippines,ne,svetel,5,elektricni,rocni,Dodge
24-1515170,Russia,da,vseeno,5,vseeno,vseeno,Volkswagen
50-5249230,Russia,ne,temen,3,vseeno,avtomatski,Dodge
21-8281995,Brazil,ne,vseeno,5,zemeljski plin,rocni,vseeno
88-3971807,Afghanistan,ne,temen,6,vseeno,avtomatski,Volkswagen
35-0305184,Indonesia,ne,temen,2,vseeno,vseeno,Chrysler
72-8284378,Tanzania,ne,svetel,2,zemeljski plin,vseeno,vseeno
93-8910603,Indonesia,ne,temen,6,vseeno,vseeno,vseeno
66-6962570,France,ne,temen,7,vseeno,vseeno,Buick
85-0183327,Russia,da,temen,7,zemeljski plin,rocni,vseeno
88-3166582,Colombia,da,vseeno,7,vseeno,vseeno,Chrysler
97-0313003,China,da,vseeno,5,vseeno,avtomatski,Chrysler
23-3758378,China,ne,svetel,1,dizel,rocni,Chrysler
18-6744711,Indonesia,da,svetel,5,vseeno,rocni,Volkswagen
57-8268483,China,ne,temen,1,hibridni,avtomatski,vseeno
61-0216103,Poland,da,svetel,1,vseeno,avtomatski,vseeno
23-1124734,Yemen,da,svetel,2,bencin,vseeno,Dodge
73-0024389,Japan,ne,svetel,6,vseeno,rocni,vseeno
80-4691203,United States,ne,vseeno,2,elektricni,rocni,vseeno
81-0087714,Brazil,ne,vseeno,2,vseeno,avtomatski,vseeno
85-0837952,Philippines,ne,svetel,2,vseeno,rocni,Buick
15-8610828,Philippines,ne,vseeno,4,elektricni,rocni,vseeno
29-6443527,Ukraine,ne,svetel,6,vseeno,vseeno,Volkswagen
31-7225273,Indonesia,ne,svetel,5,vseeno,avtomatski,Dodge
58-9077246,Croatia,da,temen,1,hibridni,avtomatski,vseeno
23-3144756,Greece,ne,svetel,4,elektricni,avtomatski,vseeno
90-4169277,Poland,ne,vseeno,1,vseeno,vseeno,vseeno
14-5397868,Portugal,ne,vseeno,1,vseeno,avtomatski,Dodge
34-6381532,Albania,da,vseeno,4,bencin,avtomatski,vseeno
25-9797997,Tanzania,ne,svetel,5,hibridni,rocni,vseeno
85-6000689,Kosovo,ne,svetel,3,bencin,rocni,vseeno
50-1412182,Russia,da,temen,7,vseeno,rocni,Buick
73-0488286,Uzbekistan,da,svetel,4,vseeno,vseeno,vseeno
76-9787469,Indonesia,da,temen,2,vseeno,avtomatski,Volkswagen
00-7250593,China,ne,temen,7,vseeno,avtomatski,Chevrolet
37-7374864,Sweden,da,vseeno,7,elektricni,rocni,Dodge
10-5031458,Albania,ne,temen,1,vseeno,rocni,vseeno
88-2984737,Netherlands,ne,temen,2,elektricni,rocni,vseeno
53-5241503,Thailand,ne,svetel,1,vseeno,rocni,Volkswagen
61-9230934,Uganda,da,vseeno,4,vseeno,vseeno,vseeno
76-7991575,China,da,svetel,7,hibridni,avtomatski,vseeno
32-9922803,Indonesia,da,temen,1,vseeno,vseeno,vseeno
67-6647432,Portugal,ne,vseeno,4,vseeno,rocni,vseeno
20-1458389,Indonesia,da,temen,2,elektricni,vseeno,vseeno
41-3995483,Indonesia,ne,vseeno,1,vseeno,avtomatski,Chrysler
64-8585798,China,da,vseeno,4,vseeno,vseeno,Chrysler
42-4722976,Norway,da,temen,4,vseeno,rocni,vseeno
75-1897621,Russia,ne,temen,7,vseeno,rocni,vseeno
05-7840447,China,ne,temen,7,elektricni,avtomatski,vseeno
99-1262433,Armenia,da,svetel,3,vseeno,rocni,vseeno
96-6535104,China,da,svetel,7,vseeno,vseeno,vseeno
29-0276495,Bulgaria,ne,temen,3,hibridni,vseeno,Chevrolet
65-4104697,Canada,ne,temen,3,vseeno,avtomatski,Chrysler
78-2614250,Ethiopia,da,svetel,5,hibridni,rocni,Chevrolet
71-7130325,United States,da,svetel,4,vseeno,vseeno,Dodge
87-1758360,Poland,ne,vseeno,4,vseeno,avtomatski,Dodge
19-2424835,Philippines,ne,vseeno,6,vseeno,rocni,Chevrolet
22-8280302,Japan,da,vseeno,2,vseeno,avtomatski,vseeno
47-1637861,France,da,svetel,3,elektricni,vseeno,Volkswagen
18-5411347,Portugal,ne,temen,5,zemeljski plin,rocni,vseeno
50-8834712,Nicaragua,ne,svetel,1,vseeno,rocni,vseeno
83-2859792,Argentina,da,temen,3,vseeno,vseeno,vseeno
34-0398604,Albania,ne,temen,6,vseeno,rocni,Dodge
32-1394780,China,ne,vseeno,5,vseeno,rocni,Chevrolet
73-0035648,Thailand,da,vseeno,4,vseeno,avtomatski,vseeno
67-6960413,United Kingdom,ne,temen,4,vseeno,vseeno,Volkswagen
16-1772286,Japan,da,temen,4,dizel,vseeno,vseeno
07-6644605,Portugal,ne,vseeno,6,vseeno,avtomatski,vseeno
93-7387646,United States,ne,temen,7,bencin,rocni,vseeno
91-2636583,Argentina,ne,temen,3,bencin,avtomatski,vseeno
17-1365119,Brazil,ne,svetel,1,vseeno,rocni,Volkswagen
74-7261565,Vietnam,ne,temen,2,vseeno,avtomatski,vseeno
34-2423574,Germany,ne,temen,5,vseeno,avtomatski,Buick
48-3277832,Chile,da,svetel,2,hibridni,rocni,vseeno
90-3798872,Cuba,da,temen,4,hibridni,avtomatski,vseeno
38-8473943,Russia,ne,temen,3,elektricni,rocni,vseeno
74-8830825,Russia,ne,temen,6,vseeno,vseeno,vseeno
75-3021588,Poland,da,temen,2,zemeljski plin,rocni,vseeno
70-5975039,China,da,svetel,2,vseeno,rocni,vseeno
50-9904944,Ukraine,ne,vseeno,7,elektricni,avtomatski,vseeno
86-4412802,Indonesia,ne,vseeno,4,bencin,rocni,vseeno
06-1118557,China,da,svetel,3,vseeno,rocni,vseeno
34-8687432,Colombia,ne,temen,5,vseeno,avtomatski,Dodge
50-3141721,China,da,temen,7,vseeno,vseeno,Chrysler
06-1100679,Canada,da,temen,3,vseeno,avtomatski,vseeno
29-5020454,Russia,da,svetel,4,vseeno,vseeno,vseeno
24-1846142,France,da,vseeno,1,dizel,vseeno,vseeno
01-3046033,Malaysia,da,vseeno,2,elektricni,rocni,vseeno
78-9592885,Uganda,ne,vseeno,7,vseeno,rocni,vseeno
93-4879950,Micronesia,ne,vseeno,7,vseeno,vseeno,vseeno
72-9898369,Portugal,ne,svetel,1,vseeno,rocni,vseeno
90-0848944,Thailand,ne,svetel,3,elektricni,avtomatski,vseeno
52-4554219,Czech Republic,ne,vseeno,4,vseeno,rocni,Buick
66-8927271,Greece,da,vseeno,3,vseeno,vseeno,vseeno
00-1420246,Denmark,ne,temen,1,vseeno,rocni,Volkswagen
44-7166484,Cambodia,da,temen,1,vseeno,vseeno,vseeno
84-2096389,Thailand,da,vseeno,4,elektricni,vseeno,vseeno
24-0068069,Indonesia,ne,temen,4,vseeno,avtomatski,Volkswagen
73-2682097,Philippines,da,vseeno,6,elektricni,vseeno,Chrysler
02-3652102,Czech Republic,ne,temen,7,hibridni,avtomatski,vseeno
73-5510491,Indonesia,da,temen,1,vseeno,avtomatski,Chevrolet
75-6517251,China,ne,svetel,5,vseeno,rocni,Dodge
93-9109675,China,da,svetel,1,vseeno,avtomatski,vseeno
23-6574386,Mexico,da,temen,2,vseeno,avtomatski,vseeno
38-7733098,Portugal,ne,vseeno,4,vseeno,vseeno,vseeno
89-8284645,Indonesia,da,temen,4,bencin,avtomatski,vseeno
31-3190698,Indonesia,ne,svetel,5,vseeno,avtomatski,Volkswagen
07-1065862,Greece,ne,svetel,4,vseeno,rocni,vseeno
39-7199101,Brazil,ne,vseeno,4,vseeno,vseeno,Dodge
77-5328990,Poland,ne,vseeno,7,vseeno,vseeno,vseeno
11-1468776,Indonesia,ne,svetel,2,vseeno,rocni,Buick
41-0585620,Saint Kitts and Nevis,ne,vseeno,2,vseeno,avtomatski,vseeno
92-9304890,Ukraine,da,vseeno,4,vseeno,avtomatski,vseeno
85-5711064,China,da,svetel,2,dizel,vseeno,Buick
15-1372036,Philippines,da,svetel,3,hibridni,vseeno,Chrysler
75-8079326,France,da,svetel,1,vseeno,vseeno,vseeno
52-4488159,Brazil,da,svetel,5,hibridni,rocni,Chrysler
01-0065179,Papua New Guinea,da,svetel,6,vseeno,avtomatski,vseeno
20-2222188,China,ne,svetel,2,vseeno,avtomatski,Buick
86-1280293,Iran,da,temen,1,vseeno,rocni,vseeno
90-1622577,Indonesia,ne,vseeno,5,vseeno,vseeno,Dodge
77-7137867,China,ne,svetel,3,hibridni,vseeno,Chrysler
36-6815991,Portugal,da,svetel,4,bencin,avtomatski,vseeno
05-8167669,Nicaragua,da,temen,1,vseeno,rocni,Chrysler
18-8156216,Peru,ne,vseeno,2,zemeljski plin,avtomatski,Chevrolet
79-3810874,Haiti,da,svetel,1,zemeljski plin,avtomatski,Chevrolet
80-2610933,United States,da,temen,5,vseeno,rocni,vseeno
48-2923405,Myanmar,ne,vseeno,7,vseeno,avtomatski,Chrysler
41-3782278,Syria,da,temen,4,vseeno,avtomatski,Chevrolet
73-9393751,Bangladesh,da,vseeno,3,vseeno,vseeno,vseeno
07-1845986,Albania,da,vseeno,3,vseeno,avtomatski,vseeno
33-5249523,China,ne,svetel,3,vseeno,avtomatski,vseeno
63-7737902,Morocco,da,vseeno,3,vseeno,rocni,vseeno
77-4813197,Indonesia,da,vseeno,6,vseeno,avtomatski,Dodge
82-3927668,Russia,ne,temen,4,vseeno,avtomatski,vseeno
14-3539551,Thailand,da,vseeno,4,vseeno,vseeno,Buick
43-2218322,Slovenia,ne,svetel,6,hibridni,avtomatski,vseeno
86-7190932,China,da,temen,6,vseeno,vseeno,Buick
62-5540985,Czech Republic,ne,svetel,3,vseeno,rocni,vseeno
40-8424621,Sweden,ne,vseeno,2,hibridni,vseeno,Dodge
68-3554594,Spain,ne,temen,3,bencin,avtomatski,Chrysler
16-9209814,China,da,vseeno,2,elektricni,vseeno,vseeno
81-3426300,Norway,ne,vseeno,5,vseeno,vseeno,vseeno
19-5299765,Philippines,da,vseeno,7,vseeno,vseeno,vseeno
30-6589163,Indonesia,ne,vseeno,1,vseeno,rocni,vseeno
94-2373383,Indonesia,da,vseeno,5,dizel,avtomatski,vseeno
89-6495849,France,ne,vseeno,6,vseeno,rocni,Chevrolet
60-2374526,Colombia,ne,svetel,4,vseeno,avtomatski,vseeno
14-8943875,Japan,da,temen,5,vseeno,vseeno,vseeno
74-1773274,China,ne,temen,3,vseeno,avtomatski,vseeno
40-4816749,Sweden,ne,temen,4,vseeno,avtomatski,vseeno
46-5149227,Philippines,ne,temen,1,vseeno,rocni,vseeno
63-7691102,Brazil,da,svetel,5,hibridni,avtomatski,vseeno
24-0992882,Panama,da,svetel,4,vseeno,vseeno,Volkswagen
71-2834785,Indonesia,da,svetel,4,zemeljski plin,vseeno,vseeno
21-7048189,Vietnam,ne,temen,6,vseeno,vseeno,Chrysler
13-8874638,Portugal,ne,vseeno,4,vseeno,avtomatski,Volkswagen
27-5562647,China,ne,vseeno,3,vseeno,rocni,vseeno
30-3433780,China,ne,vseeno,4,vseeno,avtomatski,vseeno
81-6320792,Russia,da,vseeno,1,vseeno,vseeno,vseeno
15-8813680,Angola,ne,vseeno,1,vseeno,rocni,vseeno
66-5401183,China,da,temen,2,hibridni,vseeno,vseeno
63-6927620,Brazil,da,temen,6,vseeno,rocni,vseeno
18-1916227,Russia,da,vseeno,2,vseeno,vseeno,vseeno
35-4973162,Honduras,ne,svetel,1,vseeno,rocni,Chevrolet
85-6160658,Brazil,ne,temen,5,vseeno,vseeno,vseeno
54-8695472,China,da,vseeno,3,zemeljski plin,vseeno,vseeno
68-8762358,Finland,da,temen,1,vseeno,vseeno,vseeno
76-2650617,China,ne,svetel,2,vseeno,avtomatski,vseeno
57-3350005,Indonesia,da,svetel,4,vseeno,rocni,vseeno
82-6728728,Argentina,da,temen,3,dizel,avtomatski,vseeno
14-9593982,Finland,ne,temen,7,zemeljski plin,avtomatski,vseeno
34-7442156,China,da,svetel,2,vseeno,vseeno,vseeno
74-3110996,Indonesia,ne,vseeno,4,dizel,rocni,vseeno
89-0192304,Pakistan,da,temen,3,vseeno,avtomatski,vseeno
40-9675272,Tajikistan,da,svetel,7,vseeno,avtomatski,vseeno
70-5752234,China,ne,temen,2,zemeljski plin,avtomatski,vseeno
43-3956048,France,da,svetel,1,zemeljski plin,rocni,vseeno
81-4164900,China,ne,vseeno,7,vseeno,rocni,vseeno
76-1581705,Russia,ne,vseeno,3,vseeno,avtomatski,Dodge
78-8271941,China,ne,vseeno,7,hibridni,vseeno,vseeno
21-4941481,Sweden,da,svetel,7,vseeno,vseeno,Chevrolet
85-7079432,Russia,ne,vseeno,4,vseeno,rocni,vseeno
89-8325291,Russia,da,svetel,7,vseeno,vseeno,vseeno
13-2017308,Portugal,ne,svetel,3,dizel,rocni,vseeno
95-1500737,Russia,ne,svetel,3,hibridni,avtomatski,vseeno
72-2576144,Philippines,ne,temen,4,vseeno,avtomatski,vseeno
98-9357640,Poland,da,vseeno,1,vseeno,rocni,vseeno
47-1955834,Spain,da,svetel,6,vseeno,rocni,vseeno
11-5699285,Colombia,ne,vseeno,1,dizel,rocni,vseeno
21-2113159,Guatemala,da,temen,2,vseeno,avtomatski,vseeno
23-4534880,China,da,temen,6,vseeno,avtomatski,vseeno
57-3025858,Mali,da,vseeno,7,vseeno,avtomatski,vseeno
41-7125617,Indonesia,da,vseeno,4,hibridni,vseeno,vseeno
51-3170301,Russia,da,vseeno,2,bencin,vseeno,vseeno
96-0598759,Netherlands,ne,temen,6,vseeno,rocni,Buick
86-6063395,Portugal,da,svetel,6,bencin,avtomatski,Volkswagen
18-1157687,Russia,ne,vseeno,6,vseeno,rocni,vseeno
57-3332425,Brazil,ne,vseeno,2,bencin,avtomatski,Chrysler
24-8137901,Greece,ne,svetel,6,vseeno,vseeno,vseeno
79-9484472,Colombia,da,svetel,2,vseeno,avtomatski,Chrysler
99-8442010,Peru,ne,vseeno,6,vseeno,vseeno,Dodge
88-3412244,Tanzania,da,svetel,5,vseeno,avtomatski,vseeno
57-0507893,Ireland,ne,temen,2,vseeno,rocni,vseeno
65-3454068,Malaysia,da,temen,2,vseeno,rocni,Dodge
65-3997612,Bulgaria,da,temen,7,vseeno,vseeno,Chevrolet
44-7667277,France,da,vseeno,3,vseeno,vseeno,Volkswagen
32-1450431,Philippines,ne,temen,1,dizel,rocni,vseeno
24-9110057,Russia,da,temen,6,vseeno,rocni,vseeno
54-7439350,Brazil,da,vseeno,7,vseeno,vseeno,vseeno
38-1372704,Moldova,ne,svetel,4,vseeno,rocni,vseeno
80-1364933,Macedonia,da,svetel,6,vseeno,rocni,vseeno
53-5075002,Indonesia,ne,vseeno,3,vseeno,avtomatski,vseeno
05-0134004,Egypt,ne,temen,7,vseeno,avtomatski,vseeno
22-7748544,Greece,ne,vseeno,3,zemeljski plin,avtomatski,vseeno
91-8859200,Greece,ne,svetel,3,hibridni,rocni,vseeno
27-4448889,Indonesia,da,svetel,5,vseeno,rocni,vseeno
77-4414443,China,da,svetel,5,elektricni,rocni,vseeno
75-8617580,Portugal,da,svetel,2,vseeno,rocni,vseeno
79-4330867,Sweden,da,vseeno,3,hibridni,rocni,vseeno
05-6489485,Philippines,da,vseeno,5,bencin,rocni,vseeno
91-2386175,Poland,da,temen,1,vseeno,avtomatski,Chevrolet
96-0529944,Poland,da,vseeno,7,zemeljski plin,rocni,Volkswagen
32-9597493,Mexico,da,svetel,3,zemeljski plin,avtomatski,Buick
03-0301679,Japan,ne,svetel,7,vseeno,rocni,vseeno
65-8872575,Portugal,ne,temen,7,vseeno,rocni,Volkswagen
11-7358071,Indonesia,da,vseeno,3,vseeno,avtomatski,vseeno
43-4545159,Czech Republic,ne,vseeno,7,vseeno,avtomatski,vseeno
27-3181312,China,ne,vseeno,6,zemeljski plin,vseeno,vseeno
28-4548326,Czech Republic,ne,temen,2,dizel,rocni,vseeno
90-5425519,Peru,ne,temen,5,vseeno,avtomatski,vseeno
77-1910245,Indonesia,ne,temen,5,vseeno,vseeno,Buick
87-1362473,Guadeloupe,da,svetel,2,elektricni,vseeno,vseeno
56-2129310,China,da,vseeno,5,vseeno,avtomatski,Volkswagen
75-5289933,Thailand,ne,svetel,4,vseeno,vseeno,Dodge
88-8269490,Philippines,ne,vseeno,4,vseeno,vseeno,vseeno
41-5309647,Vietnam,ne,temen,6,zemeljski plin,vseeno,Chevrolet
35-4011485,Indonesia,da,temen,7,elektricni,vseeno,Chevrolet
70-6463223,Colombia,da,vseeno,7,vseeno,avtomatski,vseeno
69-6421630,Syria,ne,vseeno,5,vseeno,avtomatski,vseeno
80-8907808,China,da,temen,1,vseeno,vseeno,Volkswagen
28-2889146,France,da,svetel,1,vseeno,avtomatski,vseeno
63-1371882,Philippines,da,svetel,5,vseeno,vseeno,vseeno
10-0878188,Sweden,ne,vseeno,4,vseeno,rocni,Buick
83-3604898,Kenya,ne,vseeno,7,elektricni,avtomatski,vseeno
20-0079322,Iraq,da,vseeno,5,vseeno,rocni,vseeno
48-3717579,Ethiopia,ne,temen,4,hibridni,rocni,Chevrolet
05-9635286,Thailand,ne,svetel,6,vseeno,vseeno,vseeno
36-0573886,China,da,vseeno,1,vseeno,rocni,vseeno
65-5057505,Russia,da,temen,7,hibridni,avtomatski,vseeno
52-6948226,Indonesia,da,vseeno,1,vseeno,avtomatski,Buick
71-2739320,Colombia,da,svetel,3,vseeno,vseeno,Chevrolet
78-0841540,Ethiopia,ne,vseeno,2,vseeno,rocni,vseeno
88-3910420,Afghanistan,ne,temen,7,vseeno,rocni,vseeno
31-6633782,Poland,ne,temen,5,vseeno,vseeno,vseeno
49-8461571,China,ne,vseeno,7,vseeno,avtomatski,vseeno
01-9174904,Thailand,da,svetel,1,vseeno,rocni,vseeno
81-8071601,China,da,vseeno,7,vseeno,avtomatski,vseeno
34-0948826,China,da,temen,7,vseeno,vseeno,vseeno
90-2864418,Afghanistan,da,vseeno,7,vseeno,avtomatski,vseeno
65-2231674,Azerbaijan,ne,vseeno,3,zemeljski plin,vseeno,vseeno
83-5935927,China,ne,vseeno,3,vseeno,rocni,vseeno
94-3473541,Namibia,ne,temen,1,dizel,vseeno,Chevrolet
86-7704823,Philippines,da,temen,4,bencin,vseeno,Chrysler
30-6203583,Costa Rica,ne,vseeno,4,vseeno,vseeno,vseeno
22-0052676,China,da,temen,4,vseeno,avtomatski,vseeno
11-4778563,China,da,vseeno,1,hibridni,rocni,Volkswagen
45-7170989,Japan,ne,svetel,2,zemeljski plin,rocni,vseeno
28-2932764,Saint Kitts and Nevis,ne,vseeno,4,vseeno,vseeno,Buick
10-9422400,Gambia,da,svetel,6,zemeljski plin,avtomatski,vseeno
93-5578708,Vietnam,ne,temen,6,vseeno,rocni,Dodge
94-5272617,Czech Republic,da,temen,3,vseeno,rocni,Chevrolet
88-0118919,Poland,da,vseeno,7,vseeno,avtomatski,vseeno
87-1555563,China,ne,temen,1,vseeno,vseeno,Buick
92-5663691,United States,ne,svetel,3,hibridni,vseeno,vseeno
62-2394626,Japan,ne,temen,5,vseeno,avtomatski,vseeno
28-9985525,China,ne,temen,5,hibridni,avtomatski,vseeno
14-1545148,Indonesia,da,vseeno,6,vseeno,avtomatski,vseeno
01-3417327,Dominican Republic,da,svetel,6,hibridni,rocni,vseeno
48-9300360,Thailand,da,vseeno,3,vseeno,avtomatski,vseeno
60-8983928,Ireland,ne,temen,4,elektricni,rocni,vseeno
93-4147081,United States,da,vseeno,4,vseeno,rocni,vseeno
14-8565273,Argentina,da,svetel,4,bencin,rocni,vseeno
74-9141119,Vietnam,ne,vseeno,6,elektricni,rocni,Volkswagen
13-0264805,Russia,da,svetel,3,bencin,avtomatski,Chevrolet
25-9023478,Pakistan,da,vseeno,2,vseeno,avtomatski,vseeno
49-5670060,Philippines,da,vseeno,2,vseeno,vseeno,Buick
74-4348960,Cyprus,da,vseeno,2,hibridni,vseeno,vseeno
49-2383973,France,ne,temen,5,vseeno,vseeno,vseeno
24-3411241,Indonesia,ne,vseeno,7,zemeljski plin,rocni,vseeno
87-0749680,Colombia,da,temen,3,vseeno,avtomatski,vseeno
30-4994114,Poland,ne,temen,3,dizel,vseeno,vseeno
06-0564481,Poland,da,vseeno,3,vseeno,vseeno,Dodge
77-5469327,Sweden,da,vseeno,4,dizel,vseeno,Buick
19-7999814,South Africa,ne,svetel,5,vseeno,rocni,vseeno
15-6548185,Russia,da,vseeno,4,vseeno,rocni,Volkswagen
84-3738344,China,da,vseeno,6,bencin,vseeno,vseeno
68-6037313,Ecuador,ne,svetel,6,bencin,rocni,Volkswagen
23-0285943,Sweden,da,vseeno,1,vseeno,rocni,Chevrolet
24-3136720,Cambodia,da,vseeno,1,vseeno,avtomatski,vseeno
23-4731765,Russia,da,vseeno,5,vseeno,avtomatski,vseeno
27-6456351,United States,da,vseeno,3,zemeljski plin,avtomatski,vseeno
94-8024509,Sweden,da,svetel,7,vseeno,vseeno,vseeno
41-4603012,Portugal,ne,temen,1,dizel,rocni,Chrysler
52-7146464,Cuba,ne,vseeno,2,vseeno,vseeno,Chrysler
50-8200886,Philippines,ne,svetel,6,vseeno,avtomatski,vseeno
07-7182224,Cameroon,ne,svetel,2,bencin,rocni,vseeno
91-1215201,Cyprus,da,vseeno,2,vseeno,rocni,vseeno
25-8041502,Poland,ne,vseeno,2,vseeno,avtomatski,vseeno
64-4503645,Japan,ne,svetel,4,hibridni,rocni,vseeno
14-0820652,Poland,ne,svetel,2,dizel,vseeno,vseeno
28-0629854,Indonesia,da,vseeno,4,vseeno,vseeno,vseeno
35-9248682,Ecuador,ne,svetel,1,bencin,vseeno,vseeno
47-1376151,Honduras,ne,vseeno,7,vseeno,vseeno,vseeno
32-2372315,China,da,svetel,7,vseeno,rocni,Dodge
36-1184492,Poland,ne,vseeno,4,vseeno,avtomatski,vseeno
58-4974973,China,ne,temen,1,dizel,vseeno,vseeno
87-7905339,Sweden,ne,svetel,5,vseeno,avtomatski,Chevrolet
65-6282569,France,da,temen,2,vseeno,vseeno,vseeno
30-0665050,Bosnia and Herzegovina,da,temen,1,vseeno,avtomatski,vseeno
22-7239059,Malaysia,da,vseeno,1,dizel,avtomatski,Buick
44-6817402,China,ne,temen,6,vseeno,avtomatski,vseeno
32-4353740,China,da,vseeno,5,vseeno,rocni,vseeno
79-8588260,China,da,svetel,5,elektricni,vseeno,Chrysler
64-7442753,China,da,svetel,7,vseeno,vseeno,Chevrolet
06-0075086,Ukraine,da,vseeno,2,vseeno,avtomatski,vseeno
96-1137024,Mexico,da,temen,5,vseeno,rocni,vseeno
60-4711252,Hungary,da,svetel,1,vseeno,avtomatski,Dodge
36-8751065,China,da,vseeno,1,vseeno,avtomatski,vseeno
51-4647985,Indonesia,ne,svetel,7,bencin,vseeno,vseeno
60-5986928,Denmark,da,svetel,1,zemeljski plin,vseeno,Dodge
06-9448714,Indonesia,ne,temen,5,vseeno,vseeno,Chrysler
38-9985791,Croatia,ne,temen,5,vseeno,rocni,vseeno
21-3339656,Philippines,ne,vseeno,4,vseeno,vseeno,vseeno
92-1299976,Spain,da,svetel,7,elektricni,vseeno,Volkswagen
44-6363601,Greece,ne,vseeno,4,vseeno,rocni,vseeno
90-0908774,China,da,svetel,2,vseeno,vseeno,vseeno
77-7756235,Japan,da,temen,3,vseeno,vseeno,Volkswagen
75-7125532,Philippines,da,svetel,3,vseeno,avtomatski,vseeno
18-8867567,China,ne,temen,3,vseeno,rocni,vseeno
98-6261276,Indonesia,ne,vseeno,1,vseeno,vseeno,vseeno
83-7577614,Czech Republic,ne,svetel,1,dizel,vseeno,vseeno
66-9111505,Ukraine,da,vseeno,2,hibridni,rocni,Buick
88-3231438,North Korea,da,svetel,2,vseeno,vseeno,vseeno
82-0802952,Nigeria,da,temen,1,vseeno,vseeno,vseeno
21-1938551,Afghanistan,ne,svetel,7,vseeno,rocni,vseeno
79-0560316,Indonesia,ne,svetel,1,vseeno,avtomatski,vseeno
63-7986265,Russia,ne,temen,1,vseeno,avtomatski,vseeno
40-2262823,China,ne,temen,6,vseeno,avtomatski,vseeno
45-9660596,Indonesia,da,svetel,5,zemeljski plin,vseeno,Dodge
33-3435633,China,da,vseeno,1,vseeno,rocni,Dodge
37-0582261,China,da,svetel,5,vseeno,avtomatski,vseeno
70-9991730,Uruguay,ne,svetel,3,vseeno,vseeno,vseeno
92-9734771,Philippines,ne,temen,3,elektricni,vseeno,vseeno
55-7283657,Indonesia,ne,temen,1,vseeno,avtomatski,vseeno
17-2593265,Philippines,ne,svetel,3,vseeno,vseeno,Chevrolet
03-4623673,Indonesia,ne,vseeno,1,elektricni,vseeno,vseeno
58-7630195,Indonesia,da,vseeno,2,vseeno,avtomatski,vseeno
67-5913285,China,ne,svetel,1,vseeno,vseeno,vseeno
38-1718762,Ukraine,ne,vseeno,2,vseeno,rocni,vseeno
27-6081565,Indonesia,da,svetel,2,vseeno,rocni,vseeno
49-5969319,Panama,da,vseeno,5,vseeno,vseeno,vseeno
63-4541012,Ukraine,ne,temen,2,vseeno,avtomatski,vseeno
83-0498186,Japan,ne,vseeno,2,vseeno,avtomatski,Buick
84-2842642,Ukraine,ne,vseeno,3,bencin,vseeno,Chevrolet
22-5068442,China,da,temen,7,vseeno,rocni,vseeno
39-5714836,China,ne,temen,7,vseeno,vseeno,vseeno
58-6614051,South Africa,da,svetel,4,vseeno,avtomatski,Chevrolet
15-3651695,China,ne,temen,7,vseeno,avtomatski,Dodge
67-9922147,China,ne,temen,1,vseeno,avtomatski,Buick
93-5436466,Croatia,ne,svetel,5,elektricni,avtomatski,vseeno
77-1045944,Canada,ne,temen,7,dizel,rocni,vseeno
19-5553798,Bolivia,ne,svetel,4,vseeno,rocni,vseeno
15-3703717,Greece,da,temen,1,vseeno,rocni,vseeno
22-5188065,South Korea,ne,svetel,3,vseeno,avtomatski,vseeno
31-7936880,Russia,ne,svetel,3,dizel,vseeno,vseeno
36-9010632,Thailand,ne,temen,6,vseeno,vseeno,vseeno
30-8330921,Ukraine,ne,temen,6,vseeno,rocni,vseeno
39-5706520,Indonesia,ne,vseeno,3,vseeno,vseeno,vseeno
53-8159126,Azerbaijan,ne,temen,6,vseeno,rocni,Chevrolet
73-8037374,Russia,ne,vseeno,3,vseeno,rocni,vseeno
11-0768118,Portugal,ne,temen,6,vseeno,rocni,Dodge
47-4127789,China,da,svetel,6,vseeno,vseeno,vseeno
86-5348338,Kazakhstan,da,vseeno,2,vseeno,avtomatski,vseeno
74-7022219,United States,da,svetel,4,vseeno,avtomatski,Chevrolet
30-3885391,Philippines,ne,vseeno,4,vseeno,rocni,Dodge
85-1876692,Indonesia,ne,vseeno,7,dizel,vseeno,vseeno
13-6065080,Sweden,ne,svetel,6,vseeno,avtomatski,Buick
86-8161080,Brazil,ne,temen,5,elektricni,avtomatski,Buick
88-8863446,Indonesia,da,vseeno,1,vseeno,avtomatski,Chrysler
75-1826613,Palestinian Territory,ne,svetel,5,vseeno,rocni,Chevrolet
51-8213773,Armenia,da,svetel,5,vseeno,avtomatski,Dodge
21-9194549,Nigeria,ne,svetel,3,vseeno,vseeno,Dodge
14-6593509,Kazakhstan,da,vseeno,7,elektricni,vseeno,vseeno
80-0341923,Poland,ne,svetel,6,vseeno,vseeno,vseeno
55-8581155,China,da,vseeno,7,vseeno,vseeno,Volkswagen
58-9667803,Indonesia,ne,svetel,1,hibridni,rocni,vseeno
26-7214419,China,ne,vseeno,1,vseeno,rocni,vseeno
05-1503543,Philippines,ne,temen,2,hibridni,rocni,vseeno
94-8177839,North Korea,da,temen,6,vseeno,vseeno,vseeno
38-5395871,France,ne,temen,6,zemeljski plin,rocni,Dodge
34-2893775,Thailand,da,vseeno,5,vseeno,vseeno,vseeno
76-2175853,Portugal,ne,svetel,3,vseeno,rocni,Chrysler
59-4761869,Argentina,da,temen,1,vseeno,avtomatski,Buick
65-6165293,Vietnam,da,temen,4,dizel,vseeno,Chevrolet
34-6201498,Indonesia,da,temen,7,vseeno,rocni,vseeno
94-8371853,China,ne,svetel,4,vseeno,avtomatski,vseeno
57-4042283,Netherlands,ne,temen,7,vseeno,avtomatski,vseeno
07-1457699,Belarus,da,vseeno,3,vseeno,rocni,Chevrolet
01-5736300,Mexico,da,vseeno,7,vseeno,rocni,vseeno
20-0361003,Mongolia,da,svetel,6,hibridni,rocni,Volkswagen
79-4776973,China,ne,vseeno,3,bencin,vseeno,vseeno
84-1131566,Indonesia,ne,vseeno,4,vseeno,avtomatski,Dodge
23-1242195,China,ne,temen,2,vseeno,avtomatski,Buick
04-9198886,Portugal,ne,svetel,3,vseeno,rocni,vseeno
16-5736029,Indonesia,ne,temen,4,vseeno,rocni,vseeno
41-0566258,Japan,da,vseeno,1,vseeno,vseeno,vseeno
97-7647867,Philippines,da,temen,3,vseeno,rocni,Dodge
29-3854808,Croatia,ne,temen,4,zemeljski plin,rocni,Dodge
23-9413099,Russia,ne,temen,4,vseeno,rocni,vseeno
31-7992040,Indonesia,da,temen,7,vseeno,avtomatski,Chevrolet
18-9867828,Portugal,ne,vseeno,7,vseeno,vseeno,vseeno
58-9743323,Brazil,da,vseeno,2,bencin,avtomatski,vseeno
94-0571909,China,ne,svetel,2,elektricni,rocni,vseeno
72-9542878,Peru,ne,temen,7,zemeljski plin,vseeno,vseeno
90-0996237,Brazil,da,svetel,2,vseeno,avtomatski,vseeno
19-0854549,Portugal,ne,vseeno,3,vseeno,vseeno,Buick
74-6276802,Guatemala,da,temen,6,vseeno,rocni,vseeno
63-9758633,Belarus,da,vseeno,5,elektricni,avtomatski,Buick
53-4058513,Poland,ne,vseeno,3,elektricni,vseeno,Buick
83-6105943,Bosnia and Herzegovina,ne,svetel,1,vseeno,rocni,Chrysler
63-8696162,Philippines,da,svetel,1,hibridni,avtomatski,Dodge
63-4245114,China,da,temen,7,zemeljski plin,rocni,Volkswagen
13-5859190,Armenia,da,svetel,4,bencin,rocni,vseeno
09-0226494,Thailand,ne,temen,6,zemeljski plin,avtomatski,vseeno
83-1247172,Thailand,ne,svetel,5,vseeno,avtomatski,vseeno
16-2471923,Indonesia,da,vseeno,6,vseeno,vseeno,vseeno
31-3947198,Thailand,da,svetel,4,elektricni,vseeno,vseeno
69-4308727,Indonesia,da,vseeno,6,vseeno,vseeno,vseeno
63-6605838,Japan,da,svetel,2,vseeno,avtomatski,vseeno
91-9300365,Greenland,da,vseeno,4,elektricni,avtomatski,vseeno
34-7574387,China,da,temen,6,vseeno,rocni,Chrysler
24-9851977,Russia,ne,svetel,1,dizel,vseeno,vseeno
94-3598852,Japan,ne,temen,4,vseeno,rocni,vseeno
81-0211407,Bangladesh,da,svetel,2,vseeno,vseeno,Volkswagen
02-9674485,Sweden,da,temen,3,hibridni,avtomatski,Chevrolet
55-4694416,Canada,da,svetel,3,vseeno,vseeno,Buick
69-3354451,France,ne,temen,7,elektricni,avtomatski,vseeno
58-2337237,Indonesia,ne,svetel,2,vseeno,vseeno,Dodge
35-3481582,France,ne,vseeno,3,vseeno,rocni,vseeno
49-8118912,China,da,temen,5,zemeljski plin,rocni,vseeno
70-3099267,Ecuador,da,temen,2,vseeno,vseeno,vseeno
32-2300625,France,ne,vseeno,1,vseeno,rocni,vseeno
94-4994110,South Sudan,da,svetel,5,hibridni,avtomatski,Chevrolet
39-4804385,China,ne,temen,2,vseeno,vseeno,vseeno
81-6683530,Belarus,da,vseeno,3,vseeno,avtomatski,vseeno
79-9734182,China,ne,svetel,6,vseeno,avtomatski,vseeno
67-7222879,China,ne,temen,1,vseeno,vseeno,vseeno
69-6380241,Sweden,ne,vseeno,1,zemeljski plin,vseeno,Chrysler
34-3147653,Samoa,ne,temen,2,vseeno,rocni,Chevrolet
06-0950442,Japan,da,temen,7,vseeno,avtomatski,Volkswagen
42-8890770,Nicaragua,da,vseeno,4,vseeno,avtomatski,Chrysler
14-8320336,Poland,ne,svetel,7,vseeno,avtomatski,vseeno
30-3551710,Poland,da,temen,2,vseeno,avtomatski,Chevrolet
85-2833650,Philippines,ne,svetel,4,vseeno,vseeno,vseeno
25-9915395,China,da,temen,5,hibridni,rocni,vseeno
92-2597216,Indonesia,ne,vseeno,5,vseeno,vseeno,vseeno
44-3010246,Indonesia,ne,vseeno,1,vseeno,avtomatski,vseeno
44-6325539,Brazil,da,vseeno,7,vseeno,vseeno,vseeno
55-0076978,Russia,da,temen,1,vseeno,rocni,vseeno
61-2920218,Russia,da,temen,3,dizel,avtomatski,vseeno
24-4997883,Argentina,ne,vseeno,3,vseeno,rocni,Volkswagen
12-7762509,Russia,ne,svetel,4,dizel,vseeno,vseeno
40-9705699,Indonesia,da,temen,2,elektricni,rocni,Volkswagen
42-0450727,China,da,svetel,3,hibridni,rocni,vseeno
60-5500228,Philippines,ne,svetel,7,vseeno,rocni,vseeno
72-4569552,Russia,da,vseeno,4,vseeno,rocni,vseeno
04-4324386,Czech Republic,da,temen,6,zemeljski plin,avtomatski,vseeno
22-0269900,China,da,svetel,3,vseeno,avtomatski,vseeno
87-9400406,Argentina,ne,vseeno,6,vseeno,avtomatski,vseeno
55-9200123,China,ne,temen,7,vseeno,avtomatski,vseeno
49-1498599,Philippines,da,svetel,7,zemeljski plin,rocni,vseeno
67-1483942,United States,da,vseeno,4,vseeno,avtomatski,vseeno
65-6995427,Ukraine,da,vseeno,1,hibridni,avtomatski,vseeno
32-1934591,France,da,temen,1,vseeno,avtomatski,vseeno
29-8956504,Uganda,ne,temen,1,dizel,rocni,Dodge
13-4209178,China,da,svetel,4,vseeno,rocni,vseeno
95-8267462,Hungary,ne,temen,6,vseeno,vseeno,Volkswagen
24-0070747,Brazil,da,vseeno,2,vseeno,avtomatski,Volkswagen
79-2183958,Philippines,ne,svetel,2,elektricni,avtomatski,vseeno
58-9133774,Indonesia,da,temen,6,bencin,vseeno,vseeno
41-4851986,Mongolia,ne,temen,7,vseeno,rocni,vseeno
55-4652322,Philippines,ne,vseeno,7,vseeno,vseeno,vseeno
51-3206288,Poland,ne,svetel,1,dizel,avtomatski,vseeno
82-9966116,Togo,ne,vseeno,3,hibridni,rocni,vseeno
74-8137188,China,da,svetel,4,vseeno,avtomatski,vseeno
20-4545999,Philippines,ne,temen,6,vseeno,rocni,vseeno
87-3592987,Portugal,da,vseeno,1,elektricni,avtomatski,vseeno
19-6508444,Costa Rica,ne,temen,5,bencin,avtomatski,Volkswagen
02-5302097,Indonesia,ne,vseeno,5,vseeno,rocni,vseeno
97-3147632,Brazil,da,svetel,2,vseeno,rocni,Dodge
69-5416627,Brazil,ne,vseeno,5,vseeno,rocni,Dodge
02-3886773,Russia,ne,temen,1,vseeno,rocni,vseeno
12-3904288,Nigeria,da,temen,4,vseeno,avtomatski,vseeno
13-6785723,Czech Republic,da,svetel,6,vseeno,rocni,vseeno
19-7202935,Sweden,da,svetel,2,vseeno,rocni,vseeno
81-6462675,Portugal,da,vseeno,3,bencin,rocni,Dodge
29-2902032,China,da,svetel,4,zemeljski plin,rocni,Volkswagen
81-2604845,Ukraine,ne,vseeno,4,dizel,vseeno,vseeno
11-6874287,Poland,ne,vseeno,1,dizel,avtomatski,Chevrolet
21-6414281,Greece,da,svetel,3,vseeno,rocni,Volkswagen
72-2557202,Mexico,da,svetel,5,vseeno,rocni,Chevrolet
21-4397788,Indonesia,da,svetel,6,elektricni,avtomatski,vseeno
88-3044360,Brazil,da,svetel,6,dizel,avtomatski,vseeno
61-6544388,Colombia,da,svetel,1,vseeno,rocni,vseeno
68-5589502,Poland,ne,svetel,7,vseeno,avtomatski,vseeno
31-5148012,Haiti,ne,svetel,2,dizel,rocni,Dodge
60-1851997,China,da,temen,3,vseeno,rocni,vseeno
13-6992736,Argentina,da,temen,2,vseeno,rocni,Buick
68-0018756,Philippines,ne,temen,1,vseeno,rocni,vseeno
87-0942749,Russia,da,temen,1,vseeno,avtomatski,vseeno
23-8118484,Russia,ne,temen,2,vseeno,rocni,vseeno
84-3693029,China,ne,temen,1,vseeno,avtomatski,vseeno
19-7375986,Russia,ne,temen,6,bencin,rocni,vseeno
92-4993843,Burundi,ne,temen,2,elektricni,avtomatski,Chevrolet
46-7573296,China,ne,vseeno,2,bencin,vseeno,vseeno
94-3054367,France,da,temen,4,vseeno,vseeno,Chevrolet
67-1211300,Uzbekistan,ne,vseeno,6,vseeno,rocni,Buick
25-7863886,Argentina,ne,temen,2,dizel,vseeno,vseeno
72-2981764,Portugal,da,temen,6,vseeno,avtomatski,vseeno
17-1651998,Finland,da,temen,5,vseeno,vseeno,Dodge
14-0081818,Russia,ne,temen,6,vseeno,rocni,vseeno
29-5487729,Colombia,da,vseeno,6,vseeno,avtomatski,Chevrolet
27-6378282,United States,ne,vseeno,4,vseeno,rocni,vseeno
92-4769160,France,ne,vseeno,5,vseeno,rocni,Chevrolet
21-1176296,Indonesia,ne,vseeno,6,bencin,vseeno,vseeno
02-9284913,Kyrgyzstan,ne,temen,7,vseeno,rocni,vseeno
20-7030186,Indonesia,ne,svetel,7,zemeljski plin,vseeno,vseeno
80-8179335,Serbia,da,temen,5,vseeno,vseeno,vseeno
21-6388122,Tunisia,da,vseeno,6,vseeno,avtomatski,Dodge
01-2757336,Indonesia,da,vseeno,7,vseeno,avtomatski,vseeno
53-4618808,Indonesia,ne,svetel,5,vseeno,rocni,vseeno
96-2674676,China,da,temen,5,vseeno,vseeno,Buick
16-5514091,Indonesia,da,svetel,6,vseeno,rocni,vseeno
88-5086279,Peru,ne,vseeno,5,vseeno,vseeno,vseeno
67-8630201,China,da,svetel,6,vseeno,avtomatski,vseeno
38-1936197,China,da,temen,6,vseeno,avtomatski,vseeno
47-4603649,Yemen,ne,vseeno,1,vseeno,avtomatski,Chevrolet
63-3534347,Philippines,da,svetel,7,vseeno,vseeno,vseeno
43-2338244,Botswana,da,vseeno,7,vseeno,rocni,Dodge
83-8455023,China,da,temen,4,dizel,avtomatski,Volkswagen
52-4901626,Sweden,ne,svetel,2,vseeno,rocni,Buick
59-3830672,Thailand,da,temen,4,hibridni,rocni,Buick
80-9004938,Indonesia,da,vseeno,3,vseeno,rocni,vseeno
39-8848911,Brazil,ne,svetel,4,vseeno,vseeno,vseeno
43-7369631,Finland,da,svetel,3,zemeljski plin,vseeno,vseeno
73-8628514,China,ne,svetel,5,vseeno,rocni,vseeno
85-6807143,China,ne,temen,1,vseeno,vseeno,Volkswagen
01-7762436,Canada,ne,temen,1,vseeno,vseeno,vseeno
69-2954188,Russia,da,temen,7,vseeno,vseeno,vseeno
92-2854021,Syria,ne,vseeno,5,vseeno,vseeno,vseeno
21-7963920,France,da,svetel,5,vseeno,rocni,vseeno
60-8933822,Venezuela,da,vseeno,7,vseeno,rocni,Volkswagen
32-1219350,China,da,vseeno,1,vseeno,avtomatski,vseeno
43-1624695,France,da,vseeno,5,vseeno,avtomatski,vseeno
02-3338418,China,ne,temen,4,vseeno,vseeno,vseeno
96-7139045,United States,da,temen,7,vseeno,avtomatski,vseeno
12-9429568,United States,ne,vseeno,7,vseeno,avtomatski,vseeno
74-9634054,Ukraine,ne,svetel,4,dizel,rocni,vseeno
07-7842539,Indonesia,da,temen,4,vseeno,rocni,vseeno
